_id,model_year,make,model,vehicle_class,motor_(kw),engine_size_(l),cylinders,transmission,fuel_type_1,combined_le/100_km,range_1_(km),recharge_time_(h),fuel_type_2,city_(l/100_km),highway_(l/100_km),combined_(l/100_km),range_2_(km),co2_emissions_(g/km),co2_rating,smog_rating,display_name
3175,2012,Chevrolet,Volt Compact 1.4L + 111 kW 4 Cyl Automatic,Compact,111,1.4,4,AV,B,2.5 (22.3 kWh/100 km),56,4,Z,6.7,5.9,6.4,550,54,n/a,n/a,2012 Chevrolet Volt Compact 1.4L + 111 kW 4 Cyl Automatic
3176,2013,Chevrolet,Volt Compact 1.4L + 111 kW 4 Cyl Automatic,Compact,111,1.4,4,AV,B,2.4 (21.4 kWh/100 km),61,4,Z,6.7,5.9,6.4,550,45,n/a,n/a,2013 Chevrolet Volt Compact 1.4L + 111 kW 4 Cyl Automatic
3177,2013,Ford,C-MAX Energi Mid-size 2.0L + 35 kW 4 Cyl Automatic,Mid-size,35,2.0,4,AV,B/X,2.7 ([23.2 kWh + 0.1 L]/100 km),32,2.5,X,5.8,6.5,6.1,856,80,n/a,n/a,2013 Ford C-MAX Energi Mid-size 2.0L + 35 kW 4 Cyl Automatic
3178,2013,Ford,Fusion Energi Mid-size 2.0L + 35 kW 4 Cyl Automatic,Mid-size,35,2.0,4,AV,B/X,2.7 ([23.2 kWh + 0.1 L]/100 km),32,2.5,X,5.8,6.5,6.1,856,80,n/a,n/a,2013 Ford Fusion Energi Mid-size 2.0L + 35 kW 4 Cyl Automatic
3179,2013,Toyota,Prius Plug-in Hybrid Mid-size 1.8L + 60 kW 4 Cyl Automatic,Mid-size,60,1.8,4,AV,B/X,2.5 ([18.0 kWh + 0.4 L]/100 km),18,1.5,X,4.7,4.8,4.7,845,101,n/a,n/a,2013 Toyota Prius Plug-in Hybrid Mid-size 1.8L + 60 kW 4 Cyl Automatic
3180,2014,Cadillac,ELR Compact 1.4L + 117 kW 4 Cyl Automatic,Compact,117,1.4,4,AV,B,2.9 (25.3 kWh/100 km),59,5,Z,7.6,6.7,7.2,493,50,n/a,n/a,2014 Cadillac ELR Compact 1.4L + 117 kW 4 Cyl Automatic
3181,2014,Chevrolet,Volt Compact 1.4L + 111 kW 4 Cyl Automatic,Compact,111,1.4,4,AV,B,2.4 (21.4 kWh/100 km),61,4,Z,6.7,5.9,6.4,550,45,n/a,n/a,2014 Chevrolet Volt Compact 1.4L + 111 kW 4 Cyl Automatic
3182,2014,Ford,C-MAX Energi Mid-size 2.0L + 35 kW 4 Cyl Automatic,Mid-size,35,2.0,4,AV,B/X,2.7 ([23.2 kWh + 0.1 L]/100 km),32,2.5,X,5.8,6.5,6.1,856,80,n/a,n/a,2014 Ford C-MAX Energi Mid-size 2.0L + 35 kW 4 Cyl Automatic
3183,2014,Ford,Fusion Energi Mid-size 2.0L + 35 kW 4 Cyl Automatic,Mid-size,35,2.0,4,AV,B/X,2.7 ([23.2 kWh + 0.1 L]/100 km),32,2.5,X,5.8,6.5,6.1,856,80,n/a,n/a,2014 Ford Fusion Energi Mid-size 2.0L + 35 kW 4 Cyl Automatic
3184,2014,Porsche,Panamera S E-Hybrid Full-size 3.0L + 71 kW 6 Cyl Automatic 8-Gear,Full-size,71,3.0,6,A8,B/Z,4.6 ([31.7 kWh + 1.0 L]/100 km),26,3,Z,10.4,8.0,9.3,871,142,n/a,n/a,2014 Porsche Panamera S E-Hybrid Full-size 3.0L + 71 kW 6 Cyl Automatic 8-Gear
3185,2014,Toyota,Prius Plug-in Hybrid Mid-size 1.8L + 60 kW 4 Cyl Automatic,Mid-size,60,1.8,4,AV,B/X,2.5 ([18.0 kWh + 0.4 L]/100 km),18,1.5,X,4.7,4.8,4.7,845,101,n/a,n/a,2014 Toyota Prius Plug-in Hybrid Mid-size 1.8L + 60 kW 4 Cyl Automatic
3186,2015,BMW,i3 REx Subcompact 0.6L + 125 kW 2 Cyl Automatic 1-Gear,Subcompact,125,0.6,2,A1,B,2.0 (17.9 kWh/100 km),116,4,Z,5.7,6.3,6.0,119,22,n/a,n/a,2015 BMW i3 REx Subcompact 0.6L + 125 kW 2 Cyl Automatic 1-Gear
3187,2015,BMW,i8 Subcompact 1.5L + 96 kW 3 Cyl Automatic 6-Gear,Subcompact,96,1.5,3,A6,B/Z,3.1 ([26.9 kWh + 0.2 L]/100 km),24,2,Z,8.4,8.1,8.3,509,123,n/a,n/a,2015 BMW i8 Subcompact 1.5L + 96 kW 3 Cyl Automatic 6-Gear
3188,2015,Chevrolet,Volt Compact 1.4L + 111 kW 4 Cyl Automatic,Compact,111,1.4,4,AV,B,2.4 (21.4 kWh/100 km),61,4,Z,6.7,5.9,6.4,547,50,n/a,n/a,2015 Chevrolet Volt Compact 1.4L + 111 kW 4 Cyl Automatic
3189,2015,Ford,C-MAX Energi Mid-size 2.0L + 35 kW 4 Cyl Automatic,Mid-size,35,2.0,4,AV,B/X,2.7 ([23.2 kWh + 0.1 L]/100 km),32,2.5,X,5.8,6.5,6.1,856,80,n/a,n/a,2015 Ford C-MAX Energi Mid-size 2.0L + 35 kW 4 Cyl Automatic
3190,2015,Ford,Fusion Energi Mid-size 2.0L + 35 kW 4 Cyl Automatic,Mid-size,35,2.0,4,AV,B/X,2.7 ([23.2 kWh + 0.1 L]/100 km),32,2.5,X,5.8,6.5,6.1,856,80,n/a,n/a,2015 Ford Fusion Energi Mid-size 2.0L + 35 kW 4 Cyl Automatic
3191,2015,Porsche,918 Spyder Two-seater 4.6L + 157 kW 8 Cyl Automatic 7-Gear,Two-seater,157,4.6,8,A7,B,3.4 (30.7 kWh/100 km),21,3,Z,11.5,10.0,10.9,649,172,n/a,n/a,2015 Porsche 918 Spyder Two-seater 4.6L + 157 kW 8 Cyl Automatic 7-Gear
3192,2015,Porsche,Cayenne S E-Hybrid Sport utility vehicle: Standard 3.0L + 71 kW 6 Cyl Automatic 8-Gear,Sport utility vehicle: Standard,71,3.0,6,A8,B,5.0 (43.2 kWh/100 km),24,3,Z,11.3,9.8,10.6,758,162,n/a,n/a,2015 Porsche Cayenne S E-Hybrid Sport utility vehicle: Standard 3.0L + 71 kW 6 Cyl Automatic 8-Gear
3193,2015,Porsche,Panamera S E-Hybrid Full-size 3.0L + 71 kW 6 Cyl Automatic 8-Gear,Full-size,71,3.0,6,A8,B/Z,4.6 ([31.7 kWh + 1.0 L]/100 km),26,3,Z,10.4,8.0,9.3,871,142,n/a,n/a,2015 Porsche Panamera S E-Hybrid Full-size 3.0L + 71 kW 6 Cyl Automatic 8-Gear
3194,2015,Toyota,Prius Plug-in Hybrid Mid-size 1.8L + 60 kW 4 Cyl Automatic,Mid-size,60,1.8,4,AV,B/X,2.5 ([18.0 kWh + 0.4 L]/100 km),18,1.5,X,4.7,4.8,4.7,845,101,n/a,n/a,2015 Toyota Prius Plug-in Hybrid Mid-size 1.8L + 60 kW 4 Cyl Automatic
3195,2016,Audi,A3 e-tron Compact 1.4L + 80 kW 4 Cyl Automatic 6-Gear,Compact,80,1.4,4,A6,B/Z*,2.8 ([25.2 kWh + 0.0 L]/100 km),26,2.5,Z,7.1,6.4,6.8,591,98,10,n/a,2016 Audi A3 e-tron Compact 1.4L + 80 kW 4 Cyl Automatic 6-Gear
3196,2016,Audi,A3 e-tron ultra Compact 1.4L + 80 kW 4 Cyl Automatic 6-Gear,Compact,80,1.4,4,A6,B/Z*,2.7 ([23.9 kWh + 0.0 L]/100 km),27,2.5,Z,6.4,5.7,6.1,663,85,10,n/a,2016 Audi A3 e-tron ultra Compact 1.4L + 80 kW 4 Cyl Automatic 6-Gear
3197,2016,BMW,330e Compact 2.0L + 65 kW 4 Cyl Automatic 8-Gear,Compact,65,2.0,4,AS8,B/Z*,3.3 ([29.1 kWh + 0.0 L]/100 km),23,2,Z,8.4,6.3,7.4,562,113,10,n/a,2016 BMW 330e Compact 2.0L + 65 kW 4 Cyl Automatic 8-Gear
3198,2016,BMW,i3 REx Subcompact 0.6L + 125 kW 2 Cyl Automatic 1-Gear,Subcompact,125,0.6,2,A1,B,2.0 (17.9 kWh/100 km),116,4,Z,5.7,6.3,6.0,119,22,10,n/a,2016 BMW i3 REx Subcompact 0.6L + 125 kW 2 Cyl Automatic 1-Gear
3199,2016,BMW,i8 Subcompact 1.5L + 96 kW 3 Cyl Automatic 6-Gear,Subcompact,96,1.5,3,A6,B/Z,3.1 ([26.9 kWh + 0.2 L]/100 km),24,2,Z,8.4,8.1,8.3,509,123,9,n/a,2016 BMW i8 Subcompact 1.5L + 96 kW 3 Cyl Automatic 6-Gear
3200,2016,BMW,X5 xDrive40e Sport utility vehicle: Standard 2.0L + 83 kW 4 Cyl Automatic 8-Gear,Sport utility vehicle: Standard,83,2.0,4,AS8,B/Z*,4.2 ([36.8 kWh + 0.0 L]/100 km),23,3,Z,10.2,9.5,9.9,842,153,8,n/a,2016 BMW X5 xDrive40e Sport utility vehicle: Standard 2.0L + 83 kW 4 Cyl Automatic 8-Gear
3201,2016,Cadillac,ELR Subcompact 1.4L + 174 kW 4 Cyl Automatic,Subcompact,174,1.4,4,AV,B,2.7 (24.4 kWh/100 km),64,5,Z,7.6,7.1,7.4,480,57,10,n/a,2016 Cadillac ELR Subcompact 1.4L + 174 kW 4 Cyl Automatic
3202,2016,Cadillac,ELR (Performance Pkg) Subcompact 1.4L + 174 kW 4 Cyl Automatic,Subcompact,174,1.4,4,AV,B,2.9 (26.2 kWh/100 km),58,5,Z,8.4,7.1,7.8,457,65,10,n/a,2016 Cadillac ELR (Performance Pkg) Subcompact 1.4L + 174 kW 4 Cyl Automatic
3203,2016,Chevrolet,Volt Compact 1.5L + 111 kW 4 Cyl Automatic,Compact,111,1.5,4,AV,B,2.2 (19.9 kWh/100 km),85,4.5,X,5.5,5.6,5.6,591,32,10,n/a,2016 Chevrolet Volt Compact 1.5L + 111 kW 4 Cyl Automatic
3204,2016,Ford,C-MAX Energi Mid-size 2.0L + 35 kW 4 Cyl Automatic,Mid-size,35,2.0,4,AV,B/X,2.7 ([23.2 kWh + 0.1 L]/100 km),32,2.5,X,5.8,6.5,6.1,856,80,10,n/a,2016 Ford C-MAX Energi Mid-size 2.0L + 35 kW 4 Cyl Automatic
3205,2016,Ford,Fusion Energi Mid-size 2.0L + 35 kW 4 Cyl Automatic,Mid-size,35,2.0,4,AV,B/X,2.7 ([23.2 kWh + 0.1 L]/100 km),32,2.5,X,5.8,6.5,6.1,856,80,10,n/a,2016 Ford Fusion Energi Mid-size 2.0L + 35 kW 4 Cyl Automatic
3206,2016,Hyundai,Sonata Plug-in Hybrid Mid-size 2.0L + 50 kW 4 Cyl Auto-Manual 6-Gear,Mid-size,50,2.0,4,AM6,B/X*,2.4 ([21.1 kWh + 0.0 L]/100 km),43,2.7,X,6.1,5.7,5.9,925,63,10,n/a,2016 Hyundai Sonata Plug-in Hybrid Mid-size 2.0L + 50 kW 4 Cyl Auto-Manual 6-Gear
3207,2016,Mercedes-Benz,S 550e Full-size 3.0L + 85 kW 6 Cyl Automatic 7-Gear,Full-size,85,3.0,6,AS7,B/Z*,4.1 ([36.7 kWh + 0.0 L]/100 km),23,2.75,Z,10.0,7.8,9.0,695,141,9,n/a,2016 Mercedes-Benz S 550e Full-size 3.0L + 85 kW 6 Cyl Automatic 7-Gear
3208,2016,Porsche,Cayenne S E-Hybrid Sport utility vehicle: Standard 3.0L + 71 kW 6 Cyl Automatic 8-Gear,Sport utility vehicle: Standard,71,3.0,6,A8,B,5.0 (43.2 kWh/100 km),24,3,Z,11.3,9.8,10.6,758,162,8,n/a,2016 Porsche Cayenne S E-Hybrid Sport utility vehicle: Standard 3.0L + 71 kW 6 Cyl Automatic 8-Gear
3209,2016,Porsche,Panamera S E-Hybrid Full-size 3.0L + 71 kW 6 Cyl Automatic 8-Gear,Full-size,71,3.0,6,A8,B/Z,4.6 ([31.7 kWh + 1.0 L]/100 km),26,3,Z,10.4,8.0,9.3,871,142,9,n/a,2016 Porsche Panamera S E-Hybrid Full-size 3.0L + 71 kW 6 Cyl Automatic 8-Gear
3210,2016,Volvo,XC90 T8 AWD Sport utility vehicle: Standard 2.0L + 65 kW 4 Cyl Automatic 8-Gear,Sport utility vehicle: Standard,65,2.0,4,AS8,B/Z*,4.6 ([40.4 kWh + 0.0 L]/100 km),21,3,Z,10.1,8.8,9.5,529,150,8,n/a,2016 Volvo XC90 T8 AWD Sport utility vehicle: Standard 2.0L + 65 kW 4 Cyl Automatic 8-Gear
3211,2017,Audi,A3 e-tron Compact 1.4L + 80 kW 4 Cyl Automatic 6-Gear,Compact,80,1.4,4,A6,B/Z*,2.8 ([25.5 kWh + 0.0 L]/100 km),26,2.5,Z,7.2,6.6,6.9,579,98,10,8,2017 Audi A3 e-tron Compact 1.4L + 80 kW 4 Cyl Automatic 6-Gear
3212,2017,BMW,330e Compact 2.0L + 65 kW 4 Cyl Automatic 8-Gear,Compact,65,2.0,4,AS8,B/Z*,3.3 ([29.5 kWh + 0.0 L]/100 km),23,2,Z,8.5,6.9,7.8,533,118,10,6,2017 BMW 330e Compact 2.0L + 65 kW 4 Cyl Automatic 8-Gear
3213,2017,BMW,740e xDrive Full-size 2.0L + 83 kW 4 Cyl Automatic 8-Gear,Full-size,83,2.0,4,AS8,B/Z*,3.6 ([32.1 kWh + 0.0 L]/100 km),23,3,Z,9.5,8.0,8.8,525,133,9,6,2017 BMW 740e xDrive Full-size 2.0L + 83 kW 4 Cyl Automatic 8-Gear
3214,2017,BMW,i3 REx (94 Ah) Subcompact 0.6L + 125 kW 2 Cyl Automatic 1-Gear,Subcompact,125,0.6,2,A1,B,2.1 (18.9 kWh/100 km),156,5,Z,6.5,7.0,6.7,129,18,10,8,2017 BMW i3 REx (94 Ah) Subcompact 0.6L + 125 kW 2 Cyl Automatic 1-Gear
3215,2017,BMW,i8 Subcompact 1.5L + 96 kW 3 Cyl Automatic 6-Gear,Subcompact,96,1.5,3,A6,B/Z,3.1 ([26.9 kWh + 0.2 L]/100 km),24,2,Z,8.4,8.1,8.3,509,123,10,6,2017 BMW i8 Subcompact 1.5L + 96 kW 3 Cyl Automatic 6-Gear
3216,2017,BMW,X5 xDrive40e Sport utility vehicle: Standard 2.0L + 83 kW 4 Cyl Automatic 8-Gear,Sport utility vehicle: Standard,83,2.0,4,AS8,B/Z*,4.2 ([36.8 kWh + 0.0 L]/100 km),23,3,Z,10.2,9.5,9.9,840,154,8,6,2017 BMW X5 xDrive40e Sport utility vehicle: Standard 2.0L + 83 kW 4 Cyl Automatic 8-Gear
3217,2017,Cadillac,CT6 Plug-in Hybrid Mid-size 2.0L + 178 kW 4 Cyl Automatic,Mid-size,178,2.0,4,AV,B/Z*,3.8 ([33.7 kWh + 0.0 L]/100 km),50,4.5,Z,10.1,8.1,9.2,658,89,10,6,2017 Cadillac CT6 Plug-in Hybrid Mid-size 2.0L + 178 kW 4 Cyl Automatic
3218,2017,Chevrolet,Volt Compact 1.5L + 111 kW 4 Cyl Automatic,Compact,111,1.5,4,AV,B,2.2 (19.9 kWh/100 km),85,4.5,X,5.5,5.6,5.6,591,32,10,6,2017 Chevrolet Volt Compact 1.5L + 111 kW 4 Cyl Automatic
3219,2017,Chrysler,Pacifica Hybrid Minivan 3.6L + 89 kW 6 Cyl Automatic,Minivan,89,3.6,6,AV,B/X*,2.8 ([24.9 kWh + 0.0 L]/100 km),53,2,X,7.3,7.2,7.3,858,66,10,8,2017 Chrysler Pacifica Hybrid Minivan 3.6L + 89 kW 6 Cyl Automatic
3220,2017,Ford,C-MAX Energi Mid-size 2.0L + 35 kW 4 Cyl Automatic,Mid-size,35,2.0,4,AV,B/X*,2.5 ([22.0 kWh + 0.0 L]/100 km),33,2.5,X,5.8,6.2,6.0,884,76,10,8,2017 Ford C-MAX Energi Mid-size 2.0L + 35 kW 4 Cyl Automatic
3221,2017,Ford,Fusion Energi Mid-size 2.0L + 35 kW 4 Cyl Automatic,Mid-size,35,2.0,4,AV,B/X*,2.4 ([21.5 kWh + 0.0 L]/100 km),35,2.5,X,5.5,5.7,5.6,947,70,10,8,2017 Ford Fusion Energi Mid-size 2.0L + 35 kW 4 Cyl Automatic
3222,2017,Hyundai,Sonata Plug-in Hybrid Mid-size 2.0L + 50 kW 4 Cyl Auto-Manual 6-Gear,Mid-size,50,2.0,4,AM6,B/X*,2.4 ([21.1 kWh + 0.0 L]/100 km),43,2.7,X,6.2,5.9,6.1,901,65,10,8,2017 Hyundai Sonata Plug-in Hybrid Mid-size 2.0L + 50 kW 4 Cyl Auto-Manual 6-Gear
3223,2017,Karma,Revero Subcompact 2.0L + 300 kW 4 Cyl Automatic 1-Gear,Subcompact,300,2.0,4,A1,B,4.6 (41.0 kWh/100 km),51,3.75,Z,13.0,12.0,12.5,303,114,10,5,2017 Karma Revero Subcompact 2.0L + 300 kW 4 Cyl Automatic 1-Gear
3224,2017,Kia,Optima Plug-in Hybrid Mid-size 2.0L + 50 kW 4 Cyl Auto-Manual 6-Gear,Mid-size,50,2.0,4,AM6,B/X*,2.3 ([20.3 kWh + 0.0 L]/100 km),47,2.7,X,6.2,5.5,5.9,935,60,10,8,2017 Kia Optima Plug-in Hybrid Mid-size 2.0L + 50 kW 4 Cyl Auto-Manual 6-Gear
3225,2017,Mercedes-Benz,GLE 550e 4MATIC Sport utility vehicle: Standard 3.0L + 85 kW 6 Cyl Automatic 7-Gear,Sport utility vehicle: Standard,85,3.0,6,AS7,B/Z,5.5 ([42.7 kWh + 0.8 L]/100 km),19,1.9,Z,11.8,10.3,11.1,719,184,7,6,2017 Mercedes-Benz GLE 550e 4MATIC Sport utility vehicle: Standard 3.0L + 85 kW 6 Cyl Automatic 7-Gear
3226,2017,Mercedes-Benz,S 550e Full-size 3.0L + 85 kW 6 Cyl Automatic 7-Gear,Full-size,85,3.0,6,AS7,B/Z*,4.1 ([36.7 kWh + 0.0 L]/100 km),23,2.75,Z,10.0,7.9,9.1,702,142,9,6,2017 Mercedes-Benz S 550e Full-size 3.0L + 85 kW 6 Cyl Automatic 7-Gear
3227,2017,Porsche,Cayenne S E-Hybrid Sport utility vehicle: Standard 3.0L + 71 kW 6 Cyl Automatic 8-Gear,Sport utility vehicle: Standard,71,3.0,6,A8,B,5.1 (44.2 kWh/100 km),23,3,Z,11.3,9.8,10.6,768,160,8,6,2017 Porsche Cayenne S E-Hybrid Sport utility vehicle: Standard 3.0L + 71 kW 6 Cyl Automatic 8-Gear
3228,2017,Toyota,Prius Prime Mid-size 1.8L + 71 kW 4 Cyl Automatic,Mid-size,71,1.8,4,AV,B/X*,1.8 ([15.8 kWh + 0.0 L]/100 km),40,2,X,4.3,4.4,4.3,995,49,10,8,2017 Toyota Prius Prime Mid-size 1.8L + 71 kW 4 Cyl Automatic
3229,2017,Volvo,XC90 T8 AWD Sport utility vehicle: Standard 2.0L + 65 kW 4 Cyl Automatic 8-Gear,Sport utility vehicle: Standard,65,2.0,4,AS8,B/Z*,4.8 ([47.3 kWh + 0.0 L]/100 km),21,3,Z,10.0,8.8,9.5,529,148,8,8,2017 Volvo XC90 T8 AWD Sport utility vehicle: Standard 2.0L + 65 kW 4 Cyl Automatic 8-Gear
3230,2018,Audi,A3 e-tron Compact 1.4L + 80 kW 4 Cyl Auto-Manual 6-Gear,Compact,80,1.4,4,AM6,B/Z*,2.8 ([25.2 kWh + 0.0 L]/100 km),26,2,Z,6.8,6.0,6.5,623,93,10,7,2018 Audi A3 e-tron Compact 1.4L + 80 kW 4 Cyl Auto-Manual 6-Gear
3231,2018,BMW,330e Compact 2.0L + 65 kW 4 Cyl Automatic 8-Gear,Compact,65,2.0,4,AS8,B/Z*,3.3 ([29.5 kWh + 0.0 L]/100 km),23,2,Z,8.5,6.9,7.8,533,118,10,3,2018 BMW 330e Compact 2.0L + 65 kW 4 Cyl Automatic 8-Gear
3232,2018,BMW,530e Compact 2.0L + 83 kW 4 Cyl Automatic 8-Gear,Compact,83,2.0,4,AS8,B/Z*,3.3 ([28.5 kWh + 0.0 L]/100 km),26,2,Z,8.6,7.7,8.2,560,120,10,7,2018 BMW 530e Compact 2.0L + 83 kW 4 Cyl Automatic 8-Gear
3233,2018,BMW,530e xDrive Compact 2.0L + 83 kW 4 Cyl Automatic 8-Gear,Compact,83,2.0,4,AS8,B/Z*,3.5 ([30.2 kWh + 0.0 L]/100 km),24,2,Z,8.8,7.7,8.3,554,124,10,7,2018 BMW 530e xDrive Compact 2.0L + 83 kW 4 Cyl Automatic 8-Gear
3234,2018,BMW,740e xDrive Full-size 2.0L + 83 kW 4 Cyl Automatic 8-Gear,Full-size,83,2.0,4,AS8,B/Z*,3.6 ([32.1 kWh + 0.0 L]/100 km),23,3,Z,9.5,8.0,8.8,525,133,9,3,2018 BMW 740e xDrive Full-size 2.0L + 83 kW 4 Cyl Automatic 8-Gear
3235,2018,BMW,i3 REx Subcompact 0.6L + 125 kW 2 Cyl Automatic 1-Gear,Subcompact,125,0.6,2,A1,B,2.2 (19.1 kWh/100 km),156,5,Z,6.6,7.1,6.8,129,18,10,7,2018 BMW i3 REx Subcompact 0.6L + 125 kW 2 Cyl Automatic 1-Gear
3236,2018,BMW,i3s REx Subcompact 0.6L + 135 kW 2 Cyl Automatic 1-Gear,Subcompact,135,0.6,2,A1,B,2.2 (19.1 kWh/100 km),156,5,Z,6.6,7.1,6.8,129,18,10,7,2018 BMW i3s REx Subcompact 0.6L + 135 kW 2 Cyl Automatic 1-Gear
3237,2018,BMW,X5 xDrive40e Sport utility vehicle: Standard 2.0L + 83 kW 4 Cyl Automatic 8-Gear,Sport utility vehicle: Standard,83,2.0,4,AS8,B/Z*,4.2 ([36.9 kWh + 0.0 L]/100 km),23,3,Z,10.2,9.5,9.9,842,154,8,3,2018 BMW X5 xDrive40e Sport utility vehicle: Standard 2.0L + 83 kW 4 Cyl Automatic 8-Gear
3238,2018,Cadillac,CT6 Plug-in Hybrid Mid-size 2.0L + 178 kW 4 Cyl Automatic,Mid-size,178,2.0,4,AV,B/Z*,3.8 ([33.7 kWh + 0.0 L]/100 km),50,4.5,Z,10.2,8.1,9.2,642,89,10,3,2018 Cadillac CT6 Plug-in Hybrid Mid-size 2.0L + 178 kW 4 Cyl Automatic
3239,2018,Chevrolet,Volt Compact 1.5L + 111 kW 4 Cyl Automatic,Compact,111,1.5,4,AV,B,2.2 (19.9 kWh/100 km),85,4.5,X,5.5,5.6,5.6,591,32,10,3,2018 Chevrolet Volt Compact 1.5L + 111 kW 4 Cyl Automatic
3240,2018,Chrysler,Pacifica Hybrid Minivan 3.6L + 89 kW 6 Cyl Automatic,Minivan,89,3.6,6,AV,B/X*,2.8 ([24.9 kWh + 0.0 L]/100 km),53,2,X,7.3,7.2,7.3,858,66,10,7,2018 Chrysler Pacifica Hybrid Minivan 3.6L + 89 kW 6 Cyl Automatic
3241,2018,Ford,Fusion Energi Mid-size 2.0L + 35 kW 4 Cyl Automatic,Mid-size,35,2.0,4,AV,B/X*,2.4 ([21.5 kWh + 0.0 L]/100 km),35,2.5,X,5.5,5.7,5.6,947,70,10,7,2018 Ford Fusion Energi Mid-size 2.0L + 35 kW 4 Cyl Automatic
3242,2018,Honda,Clarity Plug-in Hybrid Mid-size 1.5L + 135 kW 4 Cyl Automatic,Mid-size,135,1.5,4,AV,B/X*,2.1 ([19.0 kWh + 0.0 L]/100 km),77,2.5,X,5.3,5.9,5.6,475,36,10,8,2018 Honda Clarity Plug-in Hybrid Mid-size 1.5L + 135 kW 4 Cyl Automatic
3243,2018,Hyundai,IONIQ Electric Plus Mid-size 1.6L + 45 kW 4 Cyl Auto-Manual 6-Gear,Mid-size,45,1.6,4,AM6,B/X*,2.0 ([17.7 kWh + 0.0 L]/100 km),47,2.3,X,4.4,4.6,4.5,961,46,10,7,2018 Hyundai IONIQ Electric Plus Mid-size 1.6L + 45 kW 4 Cyl Auto-Manual 6-Gear
3244,2018,Karma,Revero Subcompact 2.0L + 300 kW 4 Cyl Automatic 1-Gear,Subcompact,300,2.0,4,A1,B,3.9 (34.7 kWh/100 km),60,3.75,Z,11.8,11.2,11.5,328,94,10,1,2018 Karma Revero Subcompact 2.0L + 300 kW 4 Cyl Automatic 1-Gear
3245,2018,Kia,Optima Plug-in Hybrid Mid-size 2.0L + 50 kW 4 Cyl Auto-Manual 6-Gear,Mid-size,50,2.0,4,AM6,B/X*,2.3 ([20.3 kWh + 0.0 L]/100 km),47,2.7,X,6.2,5.5,5.9,935,60,10,7,2018 Kia Optima Plug-in Hybrid Mid-size 2.0L + 50 kW 4 Cyl Auto-Manual 6-Gear
3246,2018,Mercedes-Benz,GLC 350e 4MATIC Sport utility vehicle: Small 2.0L + 85 kW 4 Cyl Automatic 7-Gear,Sport utility vehicle: Small,85,2.0,4,A7,B/Z*,4.2 ([36.5 kWh + 0.0 L]/100 km),21,1.9,Z,9.8,8.6,9.3,541,146,9,7,2018 Mercedes-Benz GLC 350e 4MATIC Sport utility vehicle: Small 2.0L + 85 kW 4 Cyl Automatic 7-Gear
3247,2018,Mercedes-Benz,GLE 550e 4MATIC Sport utility vehicle: Standard 3.0L + 85 kW 6 Cyl Automatic 7-Gear,Sport utility vehicle: Standard,85,3.0,6,AS7,B/Z,5.5 ([42.6 kWh + 0.8 L]/100 km),19,1.9,Z,11.8,10.3,11.1,719,184,7,6,2018 Mercedes-Benz GLE 550e 4MATIC Sport utility vehicle: Standard 3.0L + 85 kW 6 Cyl Automatic 7-Gear
3248,2018,MINI,Cooper SE Countryman ALL4 Mid-size 1.5L + 65 kW 3 Cyl Automatic 6-Gear,Mid-size,65,1.5,3,AS6,B/Z*,3.6 ([31.4 kWh + 0.0 L]/100 km),19,3,Z,8.4,8.8,8.6,420,139,9,3,2018 MINI Cooper SE Countryman ALL4 Mid-size 1.5L + 65 kW 3 Cyl Automatic 6-Gear
3249,2018,Mitsubishi,Outlander PHEV AWD Sport utility vehicle: Small 2.0L + 60 kW 4 Cyl Automatic 1-Gear,Sport utility vehicle: Small,60,2.0,4,A1,B/X*,3.2 ([27.7 kWh + 0.0 L]/100 km),35,3.5,X,9.4,9.0,9.2,463,108,10,7,2018 Mitsubishi Outlander PHEV AWD Sport utility vehicle: Small 2.0L + 60 kW 4 Cyl Automatic 1-Gear
3250,2018,Porsche,Cayenne S E-Hybrid Sport utility vehicle: Standard 3.0L + 71 kW 6 Cyl Auto-Manual 8-Gear,Sport utility vehicle: Standard,71,3.0,6,AM8,B,5.1 (44.2 kWh/100 km),23,3,Z,11.3,9.8,10.6,768,160,8,3,2018 Porsche Cayenne S E-Hybrid Sport utility vehicle: Standard 3.0L + 71 kW 6 Cyl Auto-Manual 8-Gear
3251,2018,Toyota,Prius Prime Mid-size 1.8L + 71 kW 4 Cyl Automatic,Mid-size,71,1.8,4,AV,B/X*,1.8 ([15.8 kWh + 0.0 L]/100 km),40,2,X,4.3,4.4,4.3,995,49,10,7,2018 Toyota Prius Prime Mid-size 1.8L + 71 kW 4 Cyl Automatic
3252,2018,Volvo,S90 T8 AWD Mid-size 2.0L + 65 kW 4 Cyl Automatic 8-Gear,Mid-size,65,2.0,4,AS8,B/Z*,3.2 ([27.7 kWh + 0.0 L]/100 km),34,3,Z,8.9,7.1,8.1,621,100,10,7,2018 Volvo S90 T8 AWD Mid-size 2.0L + 65 kW 4 Cyl Automatic 8-Gear
3253,2018,Volvo,XC60 T8 AWD Sport utility vehicle: Small 2.0L + 65 kW 4 Cyl Automatic 8-Gear,Sport utility vehicle: Small,65,2.0,4,AS8,B/Z*,4.0 ([34.9 kWh + 0.0 L]/100 km),27,3,Z,10.1,8.5,9.4,534,133,9,7,2018 Volvo XC60 T8 AWD Sport utility vehicle: Small 2.0L + 65 kW 4 Cyl Automatic 8-Gear
3254,2018,Volvo,XC90 T8 AWD Sport utility vehicle: Standard 2.0L + 65 kW 4 Cyl Automatic 8-Gear,Sport utility vehicle: Standard,65,2.0,4,AS8,B/Z*,3.9 ([34.4 kWh + 0.0 L]/100 km),27,3,Z,9.6,8.6,9.2,547,130,9,7,2018 Volvo XC90 T8 AWD Sport utility vehicle: Standard 2.0L + 65 kW 4 Cyl Automatic 8-Gear
3255,2019,BMW,530e Compact 2.0L + 83 kW 4 Cyl Automatic 8-Gear,Compact,83,2.0,4,AS8,B/Z*,3.3 ([28.5 kWh + 0.0 L]/100 km),26,2,Z,8.6,7.7,8.2,560,120,10,7,2019 BMW 530e Compact 2.0L + 83 kW 4 Cyl Automatic 8-Gear
3256,2019,BMW,530e xDrive Compact 2.0L + 83 kW 4 Cyl Automatic 8-Gear,Compact,83,2.0,4,AS8,B/Z*,3.5 ([30.2 kWh + 0.0 L]/100 km),24,2,Z,8.8,7.7,8.3,554,124,10,7,2019 BMW 530e xDrive Compact 2.0L + 83 kW 4 Cyl Automatic 8-Gear
3257,2019,BMW,740e xDrive Full-size 2.0L + 83 kW 4 Cyl Automatic 8-Gear,Full-size,83,2.0,4,AS8,B/Z*,3.6 ([32.1 kWh + 0.0 L]/100 km),23,3,Z,9.5,8.0,8.8,525,133,9,3,2019 BMW 740e xDrive Full-size 2.0L + 83 kW 4 Cyl Automatic 8-Gear
3258,2019,BMW,i3 REx (120 Ah) Subcompact 0.6L + 125 kW 2 Cyl Automatic 1-Gear,Subcompact,125,0.6,2,A1,B,2.4 (19.9 kWh/100 km),203,7,Z,7.8,7.5,7.7,116,14,10,7,2019 BMW i3 REx (120 Ah) Subcompact 0.6L + 125 kW 2 Cyl Automatic 1-Gear
3259,2019,BMW,i3s REx (120 Ah) Subcompact 0.6L + 135 kW 2 Cyl Automatic 1-Gear,Subcompact,135,0.6,2,A1,B,2.4 (19.9 kWh/100 km),203,7,Z,7.8,7.5,7.7,116,14,10,7,2019 BMW i3s REx (120 Ah) Subcompact 0.6L + 135 kW 2 Cyl Automatic 1-Gear
3260,2019,BMW,i8 Coupe Subcompact 1.5L + 105 kW 3 Cyl Automatic 6-Gear,Subcompact,105,1.5,3,AS6,B/Z*,3.4 ([30.6 kWh + 0.0 L]/100 km),29,3,Z,9.2,8.0,8.7,488,118,10,3,2019 BMW i8 Coupe Subcompact 1.5L + 105 kW 3 Cyl Automatic 6-Gear
3261,2019,BMW,i8 Roadster Two-seater 1.5L + 105 kW 3 Cyl Automatic 6-Gear,Two-seater,105,1.5,3,AS6,B/Z*,3.4 ([30.6 kWh + 0.0 L]/100 km),29,3,Z,9.2,8.0,8.7,488,118,10,3,2019 BMW i8 Roadster Two-seater 1.5L + 105 kW 3 Cyl Automatic 6-Gear
3262,2019,Chevrolet,Volt Compact 1.5L + 111 kW 4 Cyl Automatic,Compact,111,1.5,4,AV,B,2.2 (19.5 kWh/100 km),85,4.5,X,5.5,5.6,5.6,591,32,10,7,2019 Chevrolet Volt Compact 1.5L + 111 kW 4 Cyl Automatic
3263,2019,Chrysler,Pacifica Hybrid Minivan 3.6L + 89 kW 6 Cyl Automatic,Minivan,89,3.6,6,AV,B/X*,2.9 ([25.8 kWh + 0.0 L]/100 km),51,2,X,8.0,7.9,8.0,784,74,10,7,2019 Chrysler Pacifica Hybrid Minivan 3.6L + 89 kW 6 Cyl Automatic
3264,2019,Ford,Fusion Energi Mid-size 2.0L + 35 kW 4 Cyl Automatic,Mid-size,35,2.0,4,AV,B/X*,2.3 ([20.5 kWh + 0.0 L]/100 km),42,2.6,X,5.5,5.8,5.6,940,61,10,7,2019 Ford Fusion Energi Mid-size 2.0L + 35 kW 4 Cyl Automatic
3265,2019,Honda,Clarity Plug-in Hybrid Mid-size 1.5L + 135 kW 4 Cyl Automatic,Mid-size,135,1.5,4,AV,B/X*,2.1 ([19.0 kWh + 0.0 L]/100 km),77,2.5,X,5.3,5.9,5.6,475,36,10,8,2019 Honda Clarity Plug-in Hybrid Mid-size 1.5L + 135 kW 4 Cyl Automatic
3266,2019,Hyundai,IONIQ Electric Plus Mid-size 1.6L + 45 kW 4 Cyl Auto-Manual 6-Gear,Mid-size,45,1.6,4,AM6,B/X*,2.0 ([17.7 kWh + 0.0 L]/100 km),47,2.3,X,4.4,4.6,4.5,961,46,10,7,2019 Hyundai IONIQ Electric Plus Mid-size 1.6L + 45 kW 4 Cyl Auto-Manual 6-Gear
3267,2019,Hyundai,Sonata Plug-in Hybrid Mid-size 2.0L + 50 kW 4 Cyl Auto-Manual 6-Gear,Mid-size,50,2.0,4,AM6,B/X*,2.4 ([20.9 kWh + 0.0 L]/100 km),45,2.7,X,6.3,5.6,6.0,925,62,10,7,2019 Hyundai Sonata Plug-in Hybrid Mid-size 2.0L + 50 kW 4 Cyl Auto-Manual 6-Gear
3268,2019,Karma,Revero Subcompact 2.0L + 300 kW 4 Cyl Automatic 1-Gear,Subcompact,300,2.0,4,A1,B,3.9 (34.7 kWh/100 km),60,3.75,Z,11.8,11.2,11.5,328,94,10,1,2019 Karma Revero Subcompact 2.0L + 300 kW 4 Cyl Automatic 1-Gear
3269,2019,Kia,Niro Plug-in Hybrid Station wagon: Small 1.6L + 45 kW 4 Cyl Auto-Manual 6-Gear,Station wagon: Small,45,1.6,4,AM6,B/X*,2.2 ([19.7 kWh + 0.0 L]/100 km),42,2.25,X,4.9,5.3,5.1,853,56,10,7,2019 Kia Niro Plug-in Hybrid Station wagon: Small 1.6L + 45 kW 4 Cyl Auto-Manual 6-Gear
3270,2019,Kia,Optima Plug-in Hybrid Mid-size 2.0L + 50 kW 4 Cyl Auto-Manual 6-Gear,Mid-size,50,2.0,4,AM6,B/X*,2.3 ([20.3 kWh + 0.0 L]/100 km),47,2.7,X,6.2,5.5,5.9,937,60,10,7,2019 Kia Optima Plug-in Hybrid Mid-size 2.0L + 50 kW 4 Cyl Auto-Manual 6-Gear
3271,2019,Mercedes-Benz,GLC 350e 4MATIC Sport utility vehicle: Small 2.0L + 85 kW 4 Cyl Automatic 7-Gear,Sport utility vehicle: Small,85,2.0,4,A7,B/Z*,4.2 ([36.5 kWh + 0.0 L]/100 km),21,1.9,Z,9.8,8.6,9.3,541,146,9,7,2019 Mercedes-Benz GLC 350e 4MATIC Sport utility vehicle: Small 2.0L + 85 kW 4 Cyl Automatic 7-Gear
3272,2019,MINI,Cooper SE Countryman ALL4 Mid-size 1.5L + 65 kW 3 Cyl Automatic 6-Gear,Mid-size,65,1.5,3,AS6,B/Z*,3.6 ([31.4 kWh + 0.0 L]/100 km),19,3,Z,8.4,8.8,8.6,420,139,9,3,2019 MINI Cooper SE Countryman ALL4 Mid-size 1.5L + 65 kW 3 Cyl Automatic 6-Gear
3273,2019,Mitsubishi,Outlander PHEV AWD Sport utility vehicle: Small 2.0L + 60 kW 4 Cyl Automatic 1-Gear,Sport utility vehicle: Small,60,2.0,4,A1,B/X*,3.2 ([27.7 kWh + 0.0 L]/100 km),35,3.5,X,9.4,9.0,9.2,463,108,10,7,2019 Mitsubishi Outlander PHEV AWD Sport utility vehicle: Small 2.0L + 60 kW 4 Cyl Automatic 1-Gear
3274,2019,Porsche,Cayenne E-Hybrid Sport utility vehicle: Standard 3.0L + 99 kW 6 Cyl Automatic 8-Gear,Sport utility vehicle: Standard,99,3.0,6,AS8,B,5.1 (44.8 kWh/100 km),21,3,Z,11.8,10.5,11.2,669,177,7,3,2019 Porsche Cayenne E-Hybrid Sport utility vehicle: Standard 3.0L + 99 kW 6 Cyl Automatic 8-Gear
3275,2019,Porsche,Panamera 4 E-Hybrid Full-size 2.9L + 70 kW 6 Cyl Auto-Manual 8-Gear,Full-size,70,2.9,6,AM8,B,4.6 (40.3 kWh/100 km),23,3,Z,11.1,9.7,10.5,768,158,8,5,2019 Porsche Panamera 4 E-Hybrid Full-size 2.9L + 70 kW 6 Cyl Auto-Manual 8-Gear
3276,2019,Porsche,Panamera Turbo S E-Hybrid Full-size 4.0L + 70 kW 8 Cyl Auto-Manual 8-Gear,Full-size,70,4.0,8,AM8,B,4.9 (41.0 kWh/100 km),23,3,Z,12.3,10.6,11.5,695,180,7,3,2019 Porsche Panamera Turbo S E-Hybrid Full-size 4.0L + 70 kW 8 Cyl Auto-Manual 8-Gear
3277,2019,Toyota,Prius Prime Mid-size 1.8L + 71 kW 4 Cyl Automatic,Mid-size,71,1.8,4,AV,B/X*,1.8 ([15.8 kWh + 0.0 L]/100 km),40,2,X,4.3,4.4,4.3,995,49,10,7,2019 Toyota Prius Prime Mid-size 1.8L + 71 kW 4 Cyl Automatic
3278,2019,Volvo,S90 T8 AWD Mid-size 2.0L + 65 kW 4 Cyl Automatic 8-Gear,Mid-size,65,2.0,4,AS8,B/Z*,3.2 ([27.7 kWh + 0.0 L]/100 km),34,3,Z,8.9,7.1,8.1,753,100,10,7,2019 Volvo S90 T8 AWD Mid-size 2.0L + 65 kW 4 Cyl Automatic 8-Gear
3279,2019,Volvo,XC60 T8 AWD Sport utility vehicle: Small 2.0L + 65 kW 4 Cyl Automatic 8-Gear,Sport utility vehicle: Small,65,2.0,4,AS8,B/Z*,3.8 ([34.0 kWh + 0.0 L]/100 km),27,3,Z,9.5,8.5,9.0,779,128,9,7,2019 Volvo XC60 T8 AWD Sport utility vehicle: Small 2.0L + 65 kW 4 Cyl Automatic 8-Gear
3280,2019,Volvo,XC90 T8 AWD Sport utility vehicle: Standard 2.0L + 65 kW 4 Cyl Automatic 8-Gear,Sport utility vehicle: Standard,65,2.0,4,AS8,B/Z*,3.9 ([34.3 kWh + 0.0 L]/100 km),27,3,Z,9.8,8.7,9.3,756,132,9,7,2019 Volvo XC90 T8 AWD Sport utility vehicle: Standard 2.0L + 65 kW 4 Cyl Automatic 8-Gear
3281,2020,Audi,Q5 TFSIe Sport utility vehicle: Small 2.0L + 105 kW 4 Cyl Auto-Manual 7-Gear,Sport utility vehicle: Small,105,2.0,4,AM7,B/Z*,3.6 ([32.2 kWh + 0.0 L]/100 km),32,2.4,Z,9.5,8.1,8.9,615,103,10,7,2020 Audi Q5 TFSIe Sport utility vehicle: Small 2.0L + 105 kW 4 Cyl Auto-Manual 7-Gear
3282,2020,Bentley,Bentayga Hybrid Sport utility vehicle: Standard 3.0L + 100 kW 6 Cyl Automatic 8-Gear,Sport utility vehicle: Standard,100,3.0,6,AS8,B/Z,5.2 ([44.2 kWh + 0.3 L]/100 km),29,3,Z,13.6,11.3,12.6,602,153,8,3,2020 Bentley Bentayga Hybrid Sport utility vehicle: Standard 3.0L + 100 kW 6 Cyl Automatic 8-Gear
3283,2020,BMW,530e Compact 2.0L + 83 kW 4 Cyl Automatic 8-Gear,Compact,83,2.0,4,AS8,B/Z*,3.4 ([29.1 kWh + 0.0 L]/100 km),34,3,Z,9.5,7.7,8.7,533,106,10,7,2020 BMW 530e Compact 2.0L + 83 kW 4 Cyl Automatic 8-Gear
3284,2020,BMW,530e xDrive Compact 2.0L + 83 kW 4 Cyl Automatic 8-Gear,Compact,83,2.0,4,AS8,B/Z*,3.6 ([32.2 kWh + 0.0 L]/100 km),31,3,Z,10.3,8.1,9.3,500,120,10,7,2020 BMW 530e xDrive Compact 2.0L + 83 kW 4 Cyl Automatic 8-Gear
3285,2020,BMW,745Le xDrive Full-size 3.0L + 83 kW 6 Cyl Automatic 8-Gear,Full-size,83,3.0,6,AS8,B/Z*,4.2 ([37.7 kWh + 0.0 L]/100 km),26,3,Z,12.2,9.1,10.8,435,152,8,3,2020 BMW 745Le xDrive Full-size 3.0L + 83 kW 6 Cyl Automatic 8-Gear
3286,2020,BMW,i3 REx (120 Ah) Subcompact 0.6L + 125 kW 2 Cyl Automatic 1-Gear,Subcompact,125,0.6,2,A1,B,2.4 (19.9 kWh/100 km),203,7,Z,7.8,7.5,7.7,116,14,10,7,2020 BMW i3 REx (120 Ah) Subcompact 0.6L + 125 kW 2 Cyl Automatic 1-Gear
3287,2020,BMW,i3s REx (120 Ah) Subcompact 0.6L + 135 kW 2 Cyl Automatic 1-Gear,Subcompact,135,0.6,2,A1,B,2.4 (19.9 kWh/100 km),203,7,Z,7.8,7.5,7.7,116,14,10,7,2020 BMW i3s REx (120 Ah) Subcompact 0.6L + 135 kW 2 Cyl Automatic 1-Gear
3288,2020,BMW,i8 Coupe Subcompact 1.5L + 105 kW 3 Cyl Automatic 6-Gear,Subcompact,105,1.5,3,AS6,B/Z*,3.4 ([30.6 kWh + 0.0 L]/100 km),29,3,Z,9.2,8.0,8.7,488,118,10,3,2020 BMW i8 Coupe Subcompact 1.5L + 105 kW 3 Cyl Automatic 6-Gear
3289,2020,BMW,i8 Roadster Two-seater 1.5L + 105 kW 3 Cyl Automatic 6-Gear,Two-seater,105,1.5,3,AS6,B/Z*,3.4 ([30.6 kWh + 0.0 L]/100 km),29,3,Z,9.2,8.0,8.7,488,118,10,3,2020 BMW i8 Roadster Two-seater 1.5L + 105 kW 3 Cyl Automatic 6-Gear
3290,2020,BMW,X3 xDrive30e Sport utility vehicle: Small 2.0L + 80 kW 4 Cyl Automatic 8-Gear,Sport utility vehicle: Small,80,2.0,4,AS8,B/Z*,3.9 ([35.0 kWh + 0.0 L]/100 km),29,3,Z,11.0,8.6,9.9,512,127,9,7,2020 BMW X3 xDrive30e Sport utility vehicle: Small 2.0L + 80 kW 4 Cyl Automatic 8-Gear
3291,2020,Chrysler,Pacifica Hybrid Minivan 3.6L + 89 kW 6 Cyl Automatic,Minivan,89,3.6,6,AV,B/X*,2.9 ([25.8 kWh + 0.0 L]/100 km),51,2,X,8.0,7.9,8.0,784,74,10,7,2020 Chrysler Pacifica Hybrid Minivan 3.6L + 89 kW 6 Cyl Automatic
3292,2020,Ford,Escape Plug-in Hybrid Sport utility vehicle: Small 2.5L + 62 kW 4 Cyl Automatic,Sport utility vehicle: Small,62,2.5,4,AV,B/X*,2.3 ([20.5 kWh + 0.0 L]/100 km),60,3.3,X,5.4,6.2,5.8,790,48,10,7,2020 Ford Escape Plug-in Hybrid Sport utility vehicle: Small 2.5L + 62 kW 4 Cyl Automatic
3293,2020,Ford,Fusion Energi Mid-size 2.0L + 35 kW 4 Cyl Automatic,Mid-size,35,2.0,4,AV,B/X*,2.3 ([20.5 kWh + 0.0 L]/100 km),42,2.6,X,5.5,5.8,5.6,940,61,10,7,2020 Ford Fusion Energi Mid-size 2.0L + 35 kW 4 Cyl Automatic
3294,2020,Honda,Clarity Plug-in Hybrid Mid-size 1.5L + 135 kW 4 Cyl Automatic,Mid-size,135,1.5,4,AV,B/X*,2.1 ([19.0 kWh + 0.0 L]/100 km),77,2.5,X,5.3,5.9,5.6,475,36,10,8,2020 Honda Clarity Plug-in Hybrid Mid-size 1.5L + 135 kW 4 Cyl Automatic
3295,2020,Hyundai,IONIQ Electric Plus Mid-size 1.6L + 45 kW 4 Cyl Auto-Manual 6-Gear,Mid-size,45,1.6,4,AM6,B/X*,2.0 ([17.7 kWh + 0.0 L]/100 km),47,2.3,X,4.4,4.6,4.5,961,46,10,7,2020 Hyundai IONIQ Electric Plus Mid-size 1.6L + 45 kW 4 Cyl Auto-Manual 6-Gear
3296,2020,Kia,Niro Plug-in Hybrid Station wagon: Small 1.6L + 45 kW 4 Cyl Auto-Manual 6-Gear,Station wagon: Small,45,1.6,4,AM6,B/X*,2.2 ([19.7 kWh + 0.0 L]/100 km),42,2.25,X,4.9,5.3,5.1,853,56,10,7,2020 Kia Niro Plug-in Hybrid Station wagon: Small 1.6L + 45 kW 4 Cyl Auto-Manual 6-Gear
3297,2020,Kia,Optima Plug-in Hybrid Mid-size 2.0L + 50 kW 4 Cyl Auto-Manual 6-Gear,Mid-size,50,2.0,4,AM6,B/X*,2.3 ([20.7 kWh + 0.0 L]/100 km),45,2.7,X,6.0,5.3,5.7,962,60,10,7,2020 Kia Optima Plug-in Hybrid Mid-size 2.0L + 50 kW 4 Cyl Auto-Manual 6-Gear
3298,2020,Lincoln,Aviator Grand Touring Sport utility vehicle: Standard 3.0L + 62 kW 6 Cyl Automatic 10-Gear,Sport utility vehicle: Standard,62,3.0,6,AS10,B/X*,4.2 ([37.5 kWh + 0.0 L]/100 km),34,3.5,X,10.9,9.6,10.3,713,130,9,7,2020 Lincoln Aviator Grand Touring Sport utility vehicle: Standard 3.0L + 62 kW 6 Cyl Automatic 10-Gear
3299,2020,Mercedes-Benz,GLC 350e 4MATIC Sport utility vehicle: Small 2.0L + 90 kW 4 Cyl Automatic 9-Gear,Sport utility vehicle: Small,90,2.0,4,A9,B/Z*,3.4 ([30.8 kWh + 0.0 L]/100 km),35,1.3,Z,10.2,8.4,9.4,538,109,10,5,2020 Mercedes-Benz GLC 350e 4MATIC Sport utility vehicle: Small 2.0L + 90 kW 4 Cyl Automatic 9-Gear
3300,2020,Mercedes-Benz,S 560e Full-size 3.0L + 90 kW 6 Cyl Automatic 9-Gear,Full-size,90,3.0,6,A9,B/Z*,3.7 ([32.7 kWh + 0.0 L]/100 km),31,1.3,Z,11.4,9.0,10.3,785,127,9,3,2020 Mercedes-Benz S 560e Full-size 3.0L + 90 kW 6 Cyl Automatic 9-Gear
3301,2020,MINI,Cooper SE Countryman ALL4 Mid-size 1.5L + 65 kW 3 Cyl Automatic 6-Gear,Mid-size,65,1.5,3,AS6,B/Z*,3.2 ([28.6 kWh + 0.0 L]/100 km),29,3,Z,8.1,7.9,8.0,451,109,10,3,2020 MINI Cooper SE Countryman ALL4 Mid-size 1.5L + 65 kW 3 Cyl Automatic 6-Gear
3302,2020,Mitsubishi,Outlander PHEV AWD Sport utility vehicle: Small 2.0L + 60 kW 4 Cyl Automatic 1-Gear,Sport utility vehicle: Small,60,2.0,4,A1,B/X*,3.2 ([27.7 kWh + 0.0 L]/100 km),35,3.5,X,9.4,9.0,9.2,463,108,10,7,2020 Mitsubishi Outlander PHEV AWD Sport utility vehicle: Small 2.0L + 60 kW 4 Cyl Automatic 1-Gear
3303,2020,Porsche,Panamera 4 E-Hybrid Full-size 2.9L + 70 kW 6 Cyl Auto-Manual 8-Gear,Full-size,70,2.9,6,AM8,B,4.6 (40.3 kWh/100 km),23,3,Z,11.1,9.7,10.5,768,158,8,5,2020 Porsche Panamera 4 E-Hybrid Full-size 2.9L + 70 kW 6 Cyl Auto-Manual 8-Gear
3304,2020,Porsche,Panamera Turbo S E-Hybrid Full-size 4.0L + 70 kW 8 Cyl Auto-Manual 8-Gear,Full-size,70,4.0,8,AM8,B,4.9 (41.0 kWh/100 km),23,3,Z,12.3,10.6,11.5,695,180,7,3,2020 Porsche Panamera Turbo S E-Hybrid Full-size 4.0L + 70 kW 8 Cyl Auto-Manual 8-Gear
3305,2020,Subaru,Crosstrek Hybrid AWD Sport utility vehicle: Small 2.0L + 100 kW 4 Cyl Automatic,Sport utility vehicle: Small,100,2.0,4,AV,B/X*,2.6 ([23.5 kWh + 0.0 L]/100 km),27,2,X,6.6,6.8,6.7,747,94,10,6,2020 Subaru Crosstrek Hybrid AWD Sport utility vehicle: Small 2.0L + 100 kW 4 Cyl Automatic
3306,2020,Toyota,Prius Prime Mid-size 1.8L + 71 kW 4 Cyl Automatic,Mid-size,71,1.8,4,AV,B/X*,1.8 ([15.8 kWh + 0.0 L]/100 km),40,2,X,4.3,4.4,4.3,995,49,10,7,2020 Toyota Prius Prime Mid-size 1.8L + 71 kW 4 Cyl Automatic
3307,2020,Volvo,S60 T8 AWD Compact 2.0L + 65 kW 4 Cyl Automatic 8-Gear,Compact,65,2.0,4,AS8,B/Z*,3.2 ([29.0 kWh + 0.0 L]/100 km),35,3,Z,8.4,7.0,7.8,781,94,10,7,2020 Volvo S60 T8 AWD Compact 2.0L + 65 kW 4 Cyl Automatic 8-Gear
3308,2020,Volvo,S90 T8 AWD Mid-size 2.0L + 65 kW 4 Cyl Automatic 8-Gear,Mid-size,65,2.0,4,AS8,B/Z,3.7 ([31.4 kWh + 0.2 L]/100 km),34,3,Z,8.3,7.5,7.9,761,99,10,7,2020 Volvo S90 T8 AWD Mid-size 2.0L + 65 kW 4 Cyl Automatic 8-Gear
3309,2020,Volvo,V60 T8 AWD Station wagon: Small 2.0L + 65 kW 4 Cyl Automatic 8-Gear,Station wagon: Small,65,2.0,4,AS8,B/Z*,3.2 ([29.0 kWh + 0.0 L]/100 km),35,3,Z,8.4,7.0,7.8,781,94,10,7,2020 Volvo V60 T8 AWD Station wagon: Small 2.0L + 65 kW 4 Cyl Automatic 8-Gear
3310,2020,Volvo,XC60 T8 AWD Sport utility vehicle: Small 2.0L + 65 kW 4 Cyl Automatic 8-Gear,Sport utility vehicle: Small,65,2.0,4,AS8,B/Z*,4.2 ([38.2 kWh + 0.0 L]/100 km),27,3,Z,9.5,8.7,9.1,781,128,9,7,2020 Volvo XC60 T8 AWD Sport utility vehicle: Small 2.0L + 65 kW 4 Cyl Automatic 8-Gear
3311,2020,Volvo,XC90 T8 AWD Sport utility vehicle: Standard 2.0L + 65 kW 4 Cyl Automatic 8-Gear,Sport utility vehicle: Standard,65,2.0,4,AS8,B/Z*,4.0 ([36.1 kWh + 0.0 L]/100 km),29,3,Z,9.1,8.4,8.8,813,120,10,7,2020 Volvo XC90 T8 AWD Sport utility vehicle: Standard 2.0L + 65 kW 4 Cyl Automatic 8-Gear
3312,2021,Audi,A7 Sportback 55 TFSI e quattro Mid-size 2.0L + 105 kW 4 Cyl Auto-Manual 7-Gear,Mid-size,105,2.0,4,AM7,B/Z,3.5 ([28.7 kWh + 0.2 L]/100 km),39,2.4,Z,8.9,7.0,8.1,668,87,10,7,2021 Audi A7 Sportback 55 TFSI e quattro Mid-size 2.0L + 105 kW 4 Cyl Auto-Manual 7-Gear
3313,2021,Audi,A8 L Sedan 60 TFSI e quattro Full-size 3.0L + 100 kW 6 Cyl Automatic 8-Gear,Full-size,100,3.0,6,AS8,B/Z*,4.4 ([39.2 kWh + 0.0 L]/100 km),29,2.4,Z,11.3,9.1,10.3,639,132,8,3,2021 Audi A8 L Sedan 60 TFSI e quattro Full-size 3.0L + 100 kW 6 Cyl Automatic 8-Gear
3314,2021,Audi,Q5 55 TFSI e quattro Sport utility vehicle: Small 2.0L + 105 kW 4 Cyl Auto-Manual 7-Gear,Sport utility vehicle: Small,105,2.0,4,AM7,B/Z,4.7 ([27.5 kWh + 1.5 L]/100 km),31,2.4,Z,9.3,8.2,8.8,608,103,10,7,2021 Audi Q5 55 TFSI e quattro Sport utility vehicle: Small 2.0L + 105 kW 4 Cyl Auto-Manual 7-Gear
3315,2021,Bentley,Bentayga Hybrid Sport utility vehicle: Standard 3.0L + 100 kW 6 Cyl Automatic 8-Gear,Sport utility vehicle: Standard,100,3.0,6,AS8,B/Z*,5.1 ([45.5 kWh + 0.0 L]/100 km),29,3,Z,13.9,11.2,12.7,599,159,7,3,2021 Bentley Bentayga Hybrid Sport utility vehicle: Standard 3.0L + 100 kW 6 Cyl Automatic 8-Gear
3316,2021,BMW,330e Compact 2.0L + 83 kW 4 Cyl Automatic 8-Gear,Compact,83,2.0,4,AS8,B/Z*,3.1 ([27.8 kWh + 0.0 L]/100 km),37,3,Z,9.4,7.2,8.4,486,100,10,3,2021 BMW 330e Compact 2.0L + 83 kW 4 Cyl Automatic 8-Gear
3317,2021,BMW,330e xDrive Compact 2.0L + 83 kW 4 Cyl Automatic 8-Gear,Compact,83,2.0,4,AS8,B/Z*,3.5 ([31.5 kWh + 0.0 L]/100 km),32,3,Z,10.7,7.9,9.4,436,119,9,3,2021 BMW 330e xDrive Compact 2.0L + 83 kW 4 Cyl Automatic 8-Gear
3318,2021,BMW,530e Mid-size 2.0L + 83 kW 4 Cyl Automatic 8-Gear,Mid-size,83,2.0,4,AS8,B/Z,3.7 ([30.3 kWh + 0.2 L]/100 km),34,3,Z,9.6,8.0,8.9,520,111,9,7,2021 BMW 530e Mid-size 2.0L + 83 kW 4 Cyl Automatic 8-Gear
3319,2021,BMW,530e xDrive Mid-size 2.0L + 83 kW 4 Cyl Automatic 8-Gear,Mid-size,83,2.0,4,AS8,B/Z*,3.8 ([32.9 kWh + 0.0 L]/100 km),31,3,Z,10.5,8.4,9.5,486,126,9,7,2021 BMW 530e xDrive Mid-size 2.0L + 83 kW 4 Cyl Automatic 8-Gear
3320,2021,BMW,745Le xDrive Full-size 3.0L + 83 kW 6 Cyl Automatic 8-Gear,Full-size,83,3.0,6,AS8,B/Z*,4.2 ([37.4 kWh + 0.0 L]/100 km),27,3,Z,12.2,9.1,10.8,435,152,8,3,2021 BMW 745Le xDrive Full-size 3.0L + 83 kW 6 Cyl Automatic 8-Gear
3321,2021,BMW,i3 REx (120 Ah) Subcompact 0.6L + 125 kW 2 Cyl Automatic 1-Gear,Subcompact,125,0.6,2,A1,B,2.4 (19.9 kWh/100 km),203,7,Z,7.8,7.5,7.7,116,14,10,7,2021 BMW i3 REx (120 Ah) Subcompact 0.6L + 125 kW 2 Cyl Automatic 1-Gear
3322,2021,BMW,i3s REx (120 Ah) Subcompact 0.6L + 135 kW 2 Cyl Automatic 1-Gear,Subcompact,135,0.6,2,A1,B,2.4 (19.9 kWh/100 km),203,7,Z,7.8,7.5,7.7,116,14,10,7,2021 BMW i3s REx (120 Ah) Subcompact 0.6L + 135 kW 2 Cyl Automatic 1-Gear
3323,2021,BMW,X3 xDrive30e Sport utility vehicle: Small 2.0L + 80 kW 4 Cyl Automatic 8-Gear,Sport utility vehicle: Small,80,2.0,4,AS8,B/Z*,3.9 ([34.9 kWh + 0.0 L]/100 km),29,3,Z,11.0,8.6,9.9,512,127,9,7,2021 BMW X3 xDrive30e Sport utility vehicle: Small 2.0L + 80 kW 4 Cyl Automatic 8-Gear
3324,2021,BMW,X5 xDrive45e Sport utility vehicle: Standard 3.0L + 83 kW 6 Cyl Automatic 8-Gear,Sport utility vehicle: Standard,83,3.0,6,AS8,B/Z,4.7 ([38.8 kWh + 0.3 L]/100 km),50,5,Z,12.2,10.6,11.5,600,111,9,7,2021 BMW X5 xDrive45e Sport utility vehicle: Standard 3.0L + 83 kW 6 Cyl Automatic 8-Gear
3325,2021,Chrysler,Pacifica Hybrid Minivan 3.6L + 89 kW 6 Cyl Automatic,Minivan,89,3.6,6,AV,B/X*,2.9 ([25.8 kWh + 0.0 L]/100 km),51,2,X,8.0,7.9,8.0,784,74,10,7,2021 Chrysler Pacifica Hybrid Minivan 3.6L + 89 kW 6 Cyl Automatic
3326,2021,Ford,Escape Plug-in Hybrid Sport utility vehicle: Small 2.5L + 62 kW 4 Cyl Automatic,Sport utility vehicle: Small,62,2.5,4,AV,B/X*,2.2 ([20.2 kWh + 0.0 L]/100 km),60,3.3,X,5.5,6.2,5.8,784,48,10,7,2021 Ford Escape Plug-in Hybrid Sport utility vehicle: Small 2.5L + 62 kW 4 Cyl Automatic
3327,2021,Honda,Clarity Plug-in Hybrid Mid-size 1.5L + 135 kW 4 Cyl Automatic,Mid-size,135,1.5,4,AV,B/X*,2.1 ([19.0 kWh + 0.0 L]/100 km),77,2.5,X,5.3,5.9,5.6,475,36,10,8,2021 Honda Clarity Plug-in Hybrid Mid-size 1.5L + 135 kW 4 Cyl Automatic
3328,2021,Hyundai,IONIQ Plug-in Hybrid Mid-size 1.6L + 45 kW 4 Cyl Auto-Manual 6-Gear,Mid-size,45,1.6,4,AM6,B/X*,2.0 ([17.4 kWh + 0.0 L]/100 km),47,2.3,X,4.5,4.6,4.5,954,46,10,7,2021 Hyundai IONIQ Plug-in Hybrid Mid-size 1.6L + 45 kW 4 Cyl Auto-Manual 6-Gear
3329,2021,Jeep,Wrangler 4xe Sport utility vehicle: Small 2.0L + 100 kW 4 Cyl Automatic 8-Gear,Sport utility vehicle: Small,100,2.0,4,A8,B/X*,4.8 ([42.2 kWh + 0.0 L]/100 km),35,2.4,X,11.6,11.9,11.7,557,143,8,5,2021 Jeep Wrangler 4xe Sport utility vehicle: Small 2.0L + 100 kW 4 Cyl Automatic 8-Gear
3330,2021,Karma,"GS-6 (21"" Wheels) Subcompact 1.5L + 400 kW 3 Cyl Automatic 1-Gear",Subcompact,400,1.5,3,A1,B,3.4 (29.9 kWh/100 km),98,6.25,Z,8.8,9.5,9.1,428,44,10,7,"2021 Karma GS-6 (21"" Wheels) Subcompact 1.5L + 400 kW 3 Cyl Automatic 1-Gear"
3331,2021,Karma,"GS-6 (22"" Wheels) Subcompact 1.5L + 400 kW 3 Cyl Automatic 1-Gear",Subcompact,400,1.5,3,A1,B,3.8 (33.7 kWh/100 km),87,6.25,Z,10.7,11.0,10.8,360,60,10,7,"2021 Karma GS-6 (22"" Wheels) Subcompact 1.5L + 400 kW 3 Cyl Automatic 1-Gear"
3332,2021,Karma,"Revero GT (21"" Wheels) Subcompact 1.5L + 400 kW 3 Cyl Automatic 1-Gear",Subcompact,400,1.5,3,A1,B,3.4 (29.9 kWh/100 km),98,6.25,Z,8.8,9.5,9.1,428,44,10,7,"2021 Karma Revero GT (21"" Wheels) Subcompact 1.5L + 400 kW 3 Cyl Automatic 1-Gear"
3333,2021,Karma,"Revero GT (22"" Wheels) Subcompact 1.5L + 400 kW 3 Cyl Automatic 1-Gear",Subcompact,400,1.5,3,A1,B,3.8 (33.7 kWh/100 km),87,6.25,Z,10.7,11.0,10.8,360,60,10,7,"2021 Karma Revero GT (22"" Wheels) Subcompact 1.5L + 400 kW 3 Cyl Automatic 1-Gear"
3334,2021,Kia,Niro Plug-in Hybrid Station wagon: Small 1.6L + 45 kW 4 Cyl Auto-Manual 6-Gear,Station wagon: Small,45,1.6,4,AM6,B/X*,2.2 ([19.7 kWh + 0.0 L]/100 km),42,2.25,X,4.9,5.3,5.1,853,56,10,7,2021 Kia Niro Plug-in Hybrid Station wagon: Small 1.6L + 45 kW 4 Cyl Auto-Manual 6-Gear
3335,2021,Lincoln,Aviator Grand Touring Sport utility vehicle: Standard 3.0L + 62 kW 6 Cyl Automatic 10-Gear,Sport utility vehicle: Standard,62,3.0,6,AS10,B/X*,4.2 ([37.3 kWh + 0.0 L]/100 km),34,3.5,X,10.9,9.6,10.3,713,130,9,7,2021 Lincoln Aviator Grand Touring Sport utility vehicle: Standard 3.0L + 62 kW 6 Cyl Automatic 10-Gear
3336,2021,Lincoln,Corsair Grand Touring Sport utility vehicle: Small 2.5L + 62 kW 4 Cyl Automatic,Sport utility vehicle: Small,62,2.5,4,AV,B/X*,3.0 ([26.9 kWh + 0.0 L]/100 km),45,3.4,X,6.9,7.3,7.1,644,73,10,7,2021 Lincoln Corsair Grand Touring Sport utility vehicle: Small 2.5L + 62 kW 4 Cyl Automatic
3337,2021,MINI,Cooper SE Countryman ALL4 Mid-size 1.5L + 65 kW 3 Cyl Automatic 6-Gear,Mid-size,65,1.5,3,AS6,B/Z*,3.2 ([28.4 kWh + 0.0 L]/100 km),29,3,Z,8.1,7.9,8.0,451,109,9,3,2021 MINI Cooper SE Countryman ALL4 Mid-size 1.5L + 65 kW 3 Cyl Automatic 6-Gear
3338,2021,Mitsubishi,Outlander PHEV AWD Sport utility vehicle: Small 2.4L + 70 kW 4 Cyl Automatic 1-Gear,Sport utility vehicle: Small,70,2.4,4,A1,B/X*,3.2 ([28.2 kWh + 0.0 L]/100 km),39,4,X,9.2,9.0,9.1,470,103,10,7,2021 Mitsubishi Outlander PHEV AWD Sport utility vehicle: Small 2.4L + 70 kW 4 Cyl Automatic 1-Gear
3339,2021,Polestar,1 Minicompact 2.0L + 170 kW 4 Cyl Automatic 8-Gear,Minicompact,170,2.0,4,AS8,B/Z*,3.9 ([35.4 kWh + 0.0 L]/100 km),84,9,Z,10.5,7.6,9.2,671,54,10,5,2021 Polestar 1 Minicompact 2.0L + 170 kW 4 Cyl Automatic 8-Gear
3340,2021,Porsche,Cayenne E-Hybrid Sport utility vehicle: Standard 3.0L + 99 kW 6 Cyl Automatic 8-Gear,Sport utility vehicle: Standard,99,3.0,6,AS8,B/Z*,5.1 ([44.9 kWh + 0.0 L]/100 km),27,3,Z,11.8,10.6,11.3,666,160,7,5,2021 Porsche Cayenne E-Hybrid Sport utility vehicle: Standard 3.0L + 99 kW 6 Cyl Automatic 8-Gear
3341,2021,Porsche,Cayenne Turbo S E-Hybrid Sport utility vehicle: Standard 4.0L + 99 kW 8 Cyl Automatic 8-Gear,Sport utility vehicle: Standard,99,4.0,8,AS8,B/Z*,5.6 ([51.2 kWh + 0.0 L]/100 km),24,3,Z,13.8,12.1,13.0,578,199,6,3,2021 Porsche Cayenne Turbo S E-Hybrid Sport utility vehicle: Standard 4.0L + 99 kW 8 Cyl Automatic 8-Gear
3342,2021,Porsche,Panamera 4 E-Hybrid Full-size 2.9L + 70 kW 6 Cyl Auto-Manual 8-Gear,Full-size,70,2.9,6,AM8,B/Z*,4.5 ([39.6 kWh + 0.0 L]/100 km),31,3,Z,11.4,10.0,10.8,745,144,8,5,2021 Porsche Panamera 4 E-Hybrid Full-size 2.9L + 70 kW 6 Cyl Auto-Manual 8-Gear
3343,2021,Porsche,Panamera Turbo S E-Hybrid Full-size 4.0L + 70 kW 8 Cyl Auto-Manual 8-Gear,Full-size,70,4.0,8,AM8,B/Z*,4.9 ([43.8 kWh + 0.0 L]/100 km),27,3,Z,13.2,10.8,12.1,665,171,7,3,2021 Porsche Panamera Turbo S E-Hybrid Full-size 4.0L + 70 kW 8 Cyl Auto-Manual 8-Gear
3344,2021,Subaru,Crosstrek Hybrid AWD Sport utility vehicle: Small 2.0L + 100 kW 4 Cyl Automatic,Sport utility vehicle: Small,100,2.0,4,AV,B/X*,2.6 ([23.5 kWh + 0.0 L]/100 km),27,2,X,6.6,6.8,6.7,747,94,10,6,2021 Subaru Crosstrek Hybrid AWD Sport utility vehicle: Small 2.0L + 100 kW 4 Cyl Automatic
3345,2021,Toyota,Prius Prime Mid-size 1.8L + 71 kW 4 Cyl Automatic,Mid-size,71,1.8,4,AV,B/X*,1.8 ([15.8 kWh + 0.0 L]/100 km),40,2,X,4.3,4.4,4.3,995,49,10,7,2021 Toyota Prius Prime Mid-size 1.8L + 71 kW 4 Cyl Automatic
3346,2021,Toyota,RAV4 Prime Sport utility vehicle: Small 2.5L + 134 kW 4 Cyl Automatic,Sport utility vehicle: Small,134,2.5,4,AV,B/X*,2.5 ([22.3 kWh + 0.0 L]/100 km),68,4.5,X,5.7,6.4,6.0,911,44,10,7,2021 Toyota RAV4 Prime Sport utility vehicle: Small 2.5L + 134 kW 4 Cyl Automatic
3347,2021,Volvo,S60 T8 AWD Compact 2.0L + 65 kW 4 Cyl Automatic 8-Gear,Compact,65,2.0,4,AS8,B/Z*,3.2 ([29.0 kWh + 0.0 L]/100 km),35,3,Z,8.4,7.0,7.8,781,94,10,7,2021 Volvo S60 T8 AWD Compact 2.0L + 65 kW 4 Cyl Automatic 8-Gear
3348,2021,Volvo,S90 T8 AWD Mid-size 2.0L + 65 kW 4 Cyl Automatic 8-Gear,Mid-size,65,2.0,4,AS8,B/Z,3.7 ([31.4 kWh + 0.2 L]/100 km),34,3,Z,8.3,7.5,7.9,761,99,10,7,2021 Volvo S90 T8 AWD Mid-size 2.0L + 65 kW 4 Cyl Automatic 8-Gear
3349,2021,Volvo,V60 T8 AWD Station wagon: Small 2.0L + 65 kW 4 Cyl Automatic 8-Gear,Station wagon: Small,65,2.0,4,AS8,B/Z*,3.2 ([29.0 kWh + 0.0 L]/100 km),35,3,Z,8.4,7.0,7.8,781,94,10,7,2021 Volvo V60 T8 AWD Station wagon: Small 2.0L + 65 kW 4 Cyl Automatic 8-Gear
3350,2021,Volvo,XC60 T8 AWD Sport utility vehicle: Small 2.0L + 65 kW 4 Cyl Automatic 8-Gear,Sport utility vehicle: Small,65,2.0,4,AS8,B/Z*,4.0 ([36.1 kWh + 0.0 L]/100 km),31,3,Z,9.8,8.7,9.3,769,125,9,7,2021 Volvo XC60 T8 AWD Sport utility vehicle: Small 2.0L + 65 kW 4 Cyl Automatic 8-Gear
3351,2021,Volvo,XC90 T8 AWD Sport utility vehicle: Standard 2.0L + 65 kW 4 Cyl Automatic 8-Gear,Sport utility vehicle: Standard,65,2.0,4,AS8,B/Z*,4.0 ([36.1 kWh + 0.0 L]/100 km),29,3,Z,9.1,8.4,8.8,813,120,9,7,2021 Volvo XC90 T8 AWD Sport utility vehicle: Standard 2.0L + 65 kW 4 Cyl Automatic 8-Gear
3352,2022,Audi,A7 Sportback 55 TFSI e quattro Mid-size 2.0L + 105 kW 4 Cyl Auto-Manual 7-Gear,Mid-size,105,2.0,4,AM7,B/Z*,3.4 ([29.9 kWh + 0.0 L]/100 km),42,3,Z,9.5,7.5,8.6,623,78,10,7,2022 Audi A7 Sportback 55 TFSI e quattro Mid-size 2.0L + 105 kW 4 Cyl Auto-Manual 7-Gear
3353,2022,Audi,Q5 55 TFSI e quattro Sport utility vehicle: Small 2.0L + 105 kW 4 Cyl Auto-Manual 7-Gear,Sport utility vehicle: Small,105,2.0,4,AM7,B/Z*,3.9 ([34.7 kWh + 0.0 L]/100 km),37,3,Z,9.4,8.8,9.1,594,92,10,7,2022 Audi Q5 55 TFSI e quattro Sport utility vehicle: Small 2.0L + 105 kW 4 Cyl Auto-Manual 7-Gear
3354,2022,Bentley,Flying Spur Hybrid Mid-size 2.9L + 103 kW 6 Cyl Auto-Manual 8-Gear,Mid-size,103,2.9,6,AM8,B/Z*,5.1 ([45.9 kWh + 0.0 L]/100 km),34,3,Z,13.7,10.7,12.3,653,156,7,5,2022 Bentley Flying Spur Hybrid Mid-size 2.9L + 103 kW 6 Cyl Auto-Manual 8-Gear
3355,2022,BMW,330e Sedan Compact 2.0L + 83 kW 4 Cyl Automatic 8-Gear,Compact,83,2.0,4,AS8,B/Z*,3.1 ([27.8 kWh + 0.0 L]/100 km),37,3,Z,9.4,7.2,8.4,486,100,9,7,2022 BMW 330e Sedan Compact 2.0L + 83 kW 4 Cyl Automatic 8-Gear
3356,2022,BMW,330e xDrive Compact 2.0L + 83 kW 4 Cyl Automatic 8-Gear,Compact,83,2.0,4,AS8,B/Z*,3.5 ([31.3 kWh + 0.0 L]/100 km),32,3,Z,10.7,7.9,9.4,436,119,9,7,2022 BMW 330e xDrive Compact 2.0L + 83 kW 4 Cyl Automatic 8-Gear
3357,2022,BMW,530e xDrive Mid-size 2.0L + 83 kW 4 Cyl Automatic 8-Gear,Mid-size,83,2.0,4,AS8,B/Z*,3.8 ([32.9 kWh + 0.0 L]/100 km),31,3,Z,10.5,8.4,9.5,486,126,8,7,2022 BMW 530e xDrive Mid-size 2.0L + 83 kW 4 Cyl Automatic 8-Gear
3358,2022,BMW,745Le xDrive Full-size 3.0L + 83 kW 6 Cyl Automatic 8-Gear,Full-size,83,3.0,6,AS8,B/Z*,4.2 ([37.4 kWh + 0.0 L]/100 km),27,3,Z,12.2,9.1,10.8,435,152,7,3,2022 BMW 745Le xDrive Full-size 3.0L + 83 kW 6 Cyl Automatic 8-Gear
3359,2022,BMW,X3 xDrive30e Sport utility vehicle: Small 2.0L + 80 kW 4 Cyl Automatic 8-Gear,Sport utility vehicle: Small,80,2.0,4,AS8,B/Z*,3.9 ([34.9 kWh + 0.0 L]/100 km),29,3,Z,11.0,8.6,9.9,512,127,8,7,2022 BMW X3 xDrive30e Sport utility vehicle: Small 2.0L + 80 kW 4 Cyl Automatic 8-Gear
3360,2022,BMW,X5 xDrive45e Sport utility vehicle: Standard 3.0L + 83 kW 6 Cyl Automatic 8-Gear,Sport utility vehicle: Standard,83,3.0,6,AS8,B/Z*,4.5 ([39.2 kWh + 0.0 L]/100 km),50,5,Z,12.2,10.6,11.5,602,110,9,7,2022 BMW X5 xDrive45e Sport utility vehicle: Standard 3.0L + 83 kW 6 Cyl Automatic 8-Gear
3361,2022,Chrysler,Pacifica Hybrid Minivan 3.6L + 89 kW 6 Cyl Automatic,Minivan,89,3.6,6,AV,B/X*,2.9 ([25.8 kWh + 0.0 L]/100 km),51,2,X,8.0,7.9,8.0,784,74,10,7,2022 Chrysler Pacifica Hybrid Minivan 3.6L + 89 kW 6 Cyl Automatic
3362,2022,Ford,Escape Plug-in Hybrid Sport utility vehicle: Small 2.5L + 62 kW 4 Cyl Automatic,Sport utility vehicle: Small,62,2.5,4,AV,B/X*,2.2 ([20.2 kWh + 0.0 L]/100 km),60,3.3,X,5.5,6.2,5.8,784,48,10,7,2022 Ford Escape Plug-in Hybrid Sport utility vehicle: Small 2.5L + 62 kW 4 Cyl Automatic
3363,2022,Hyundai,IONIQ Plug-in Hybrid Mid-size 1.6L + 45 kW 4 Cyl Auto-Manual 6-Gear,Mid-size,45,1.6,4,AM6,B/X*,2.0 ([17.4 kWh + 0.0 L]/100 km),47,2.3,X,4.5,4.6,4.5,954,46,10,7,2022 Hyundai IONIQ Plug-in Hybrid Mid-size 1.6L + 45 kW 4 Cyl Auto-Manual 6-Gear
3364,2022,Hyundai,Santa Fe Plug-in Hybrid Sport utility vehicle: Small 1.6L + 67 kW 4 Cyl Auto-Manual 6-Gear,Sport utility vehicle: Small,67,1.6,4,AM6,B/X*,3.1 ([27.5 kWh + 0.0 L]/100 km),50,3.4,X,7.1,7.3,7.2,655,69,10,7,2022 Hyundai Santa Fe Plug-in Hybrid Sport utility vehicle: Small 1.6L + 67 kW 4 Cyl Auto-Manual 6-Gear
3365,2022,Hyundai,Tucson Plug-in Hybrid Sport utility vehicle: Small 1.6L + 67 kW 4 Cyl Auto-Manual 6-Gear,Sport utility vehicle: Small,67,1.6,4,AM6,B/X*,2.9 ([25.9 kWh + 0.0 L]/100 km),53,1.7,X,6.8,6.6,6.7,626,62,10,7,2022 Hyundai Tucson Plug-in Hybrid Sport utility vehicle: Small 1.6L + 67 kW 4 Cyl Auto-Manual 6-Gear
3366,2022,Jeep,Grand Cherokee 4xe Sport utility vehicle: Standard 2.0L + 100 kW 4 Cyl Automatic 8-Gear,Sport utility vehicle: Standard,100,2.0,4,A8,B/X*,4.2 ([36.0 kWh + 0.0 L]/100 km),42,3.4,X,10.3,9.7,10.0,719,110,9,7,2022 Jeep Grand Cherokee 4xe Sport utility vehicle: Standard 2.0L + 100 kW 4 Cyl Automatic 8-Gear
3367,2022,Jeep,Wrangler 4xe Sport utility vehicle: Small 2.0L + 100 kW 4 Cyl Automatic 8-Gear,Sport utility vehicle: Small,100,2.0,4,A8,B/X*,4.8 ([42.2 kWh + 0.0 L]/100 km),35,2.4,X,11.6,11.9,11.7,557,143,8,5,2022 Jeep Wrangler 4xe Sport utility vehicle: Small 2.0L + 100 kW 4 Cyl Automatic 8-Gear
3368,2022,Kia,Niro Plug-in Hybrid Station wagon: Small 1.6L + 45 kW 4 Cyl Auto-Manual 6-Gear,Station wagon: Small,45,1.6,4,AM6,B/X*,2.2 ([19.7 kWh + 0.0 L]/100 km),42,2.25,X,4.9,5.3,5.1,853,56,10,7,2022 Kia Niro Plug-in Hybrid Station wagon: Small 1.6L + 45 kW 4 Cyl Auto-Manual 6-Gear
3369,2022,Kia,Sorento Plug-in Hybrid Sport utility vehicle: Small 1.6L + 67 kW 4 Cyl Auto-Manual 6-Gear,Sport utility vehicle: Small,67,1.6,4,AM6,B/X*,3.0 ([26.4 kWh + 0.0 L]/100 km),51,3.4,X,6.7,7.1,6.9,681,65,10,7,2022 Kia Sorento Plug-in Hybrid Sport utility vehicle: Small 1.6L + 67 kW 4 Cyl Auto-Manual 6-Gear
3370,2022,Lexus,NX 450h+ AWD Sport utility vehicle: Small 2.5L + 134 kW 4 Cyl Automatic 6-Gear,Sport utility vehicle: Small,134,2.5,4,AV6,B/Z*,2.8 ([24.7 kWh + 0.0 L]/100 km),61,4.5,Z,6.2,7.0,6.6,835,54,10,7,2022 Lexus NX 450h+ AWD Sport utility vehicle: Small 2.5L + 134 kW 4 Cyl Automatic 6-Gear
3371,2022,Lincoln,Aviator Grand Touring Sport utility vehicle: Standard 3.0L + 62 kW 6 Cyl Automatic 10-Gear,Sport utility vehicle: Standard,62,3.0,6,AS10,B/X*,4.2 ([37.3 kWh + 0.0 L]/100 km),34,3.5,X,10.9,9.6,10.3,713,130,8,7,2022 Lincoln Aviator Grand Touring Sport utility vehicle: Standard 3.0L + 62 kW 6 Cyl Automatic 10-Gear
3372,2022,Lincoln,Corsair Grand Touring Sport utility vehicle: Small 2.5L + 62 kW 4 Cyl Automatic,Sport utility vehicle: Small,62,2.5,4,AV,B/X*,3.1 ([27.3 kWh + 0.0 L]/100 km),45,3.4,X,6.9,7.3,7.0,645,74,10,7,2022 Lincoln Corsair Grand Touring Sport utility vehicle: Small 2.5L + 62 kW 4 Cyl Automatic
3373,2022,MINI,Cooper SE Countryman ALL4 Mid-size 1.5L + 65 kW 3 Cyl Automatic 6-Gear,Mid-size,65,1.5,3,AS6,B/Z*,3.2 ([28.4 kWh + 0.0 L]/100 km),29,3,Z,8.1,7.9,8.0,451,109,9,3,2022 MINI Cooper SE Countryman ALL4 Mid-size 1.5L + 65 kW 3 Cyl Automatic 6-Gear
3374,2022,Mitsubishi,Outlander PHEV AWD Sport utility vehicle: Small 2.4L + 70 kW 4 Cyl Automatic 1-Gear,Sport utility vehicle: Small,70,2.4,4,A1,B/X*,3.2 ([28.2 kWh + 0.0 L]/100 km),39,4,X,9.2,9.0,9.1,470,103,9,7,2022 Mitsubishi Outlander PHEV AWD Sport utility vehicle: Small 2.4L + 70 kW 4 Cyl Automatic 1-Gear
3375,2022,Porsche,Cayenne E-Hybrid Sport utility vehicle: Standard 3.0L + 99 kW 6 Cyl Automatic 8-Gear,Sport utility vehicle: Standard,99,3.0,6,AS8,B/Z*,5.1 ([44.9 kWh + 0.0 L]/100 km),27,3,Z,11.8,10.6,11.3,666,160,7,5,2022 Porsche Cayenne E-Hybrid Sport utility vehicle: Standard 3.0L + 99 kW 6 Cyl Automatic 8-Gear
3376,2022,Porsche,Cayenne Turbo S E-Hybrid Sport utility vehicle: Standard 4.0L + 99 kW 8 Cyl Automatic 8-Gear,Sport utility vehicle: Standard,99,4.0,8,AS8,B/Z*,5.6 ([51.2 kWh + 0.0 L]/100 km),24,3,Z,13.8,12.1,13.0,578,199,6,3,2022 Porsche Cayenne Turbo S E-Hybrid Sport utility vehicle: Standard 4.0L + 99 kW 8 Cyl Automatic 8-Gear
3377,2022,Porsche,Panamera 4 E-Hybrid Full-size 2.9L + 70 kW 6 Cyl Auto-Manual 8-Gear,Full-size,70,2.9,6,AM8,B/Z*,4.5 ([39.6 kWh + 0.0 L]/100 km),31,3,Z,11.4,10.0,10.8,745,144,8,5,2022 Porsche Panamera 4 E-Hybrid Full-size 2.9L + 70 kW 6 Cyl Auto-Manual 8-Gear
3378,2022,Porsche,Panamera 4S E-Hybrid Full-size 2.9L + 70 kW 6 Cyl Auto-Manual 8-Gear,Full-size,70,2.9,6,AM8,B/Z*,4.7 ([40.9 kWh + 0.0 L]/100 km),31,3,Z,11.4,10.1,10.8,742,147,8,5,2022 Porsche Panamera 4S E-Hybrid Full-size 2.9L + 70 kW 6 Cyl Auto-Manual 8-Gear
3379,2022,Porsche,Panamera Turbo S E-Hybrid Full-size 4.0L + 70 kW 8 Cyl Auto-Manual 8-Gear,Full-size,70,4.0,8,AM8,B/Z*,4.9 ([43.8 kWh + 0.0 L]/100 km),27,3,Z,13.2,10.8,12.1,665,171,7,3,2022 Porsche Panamera Turbo S E-Hybrid Full-size 4.0L + 70 kW 8 Cyl Auto-Manual 8-Gear
3380,2022,Subaru,Crosstrek Hybrid AWD Sport utility vehicle: Small 2.0L + 100 kW 4 Cyl Automatic,Sport utility vehicle: Small,100,2.0,4,AV,B/X*,2.6 ([23.5 kWh + 0.0 L]/100 km),27,2,X,6.6,6.8,6.7,747,94,10,6,2022 Subaru Crosstrek Hybrid AWD Sport utility vehicle: Small 2.0L + 100 kW 4 Cyl Automatic
3381,2022,Toyota,Prius Prime Mid-size 1.8L + 71 kW 4 Cyl Automatic,Mid-size,71,1.8,4,AV,B/X*,1.8 ([15.8 kWh + 0.0 L]/100 km),40,2,X,4.3,4.4,4.3,995,49,10,7,2022 Toyota Prius Prime Mid-size 1.8L + 71 kW 4 Cyl Automatic
3382,2022,Toyota,RAV4 Prime Sport utility vehicle: Small 2.5L + 134 kW 4 Cyl Automatic,Sport utility vehicle: Small,134,2.5,4,AV,B/X*,2.5 ([22.3 kWh + 0.0 L]/100 km),68,4.5,X,5.7,6.4,6.0,911,44,10,7,2022 Toyota RAV4 Prime Sport utility vehicle: Small 2.5L + 134 kW 4 Cyl Automatic
3383,2022,Volvo,S60 T8 AWD Recharge Compact 2.0L + 65 kW 4 Cyl Automatic 8-Gear,Compact,65,2.0,4,AS8,B/Z*,3.2 ([29.0 kWh + 0.0 L]/100 km),35,3,Z,8.4,7.0,7.8,781,94,10,7,2022 Volvo S60 T8 AWD Recharge Compact 2.0L + 65 kW 4 Cyl Automatic 8-Gear
3384,2022,Volvo,S60 T8 AWD Recharge Extended Range Compact 2.0L + 107 kW 4 Cyl Automatic 8-Gear,Compact,107,2.0,4,AS8,B/Z*,3.0 ([27.2 kWh + 0.0 L]/100 km),64,5,Z,8.0,7.2,7.6,792,58,10,7,2022 Volvo S60 T8 AWD Recharge Extended Range Compact 2.0L + 107 kW 4 Cyl Automatic 8-Gear
3385,2022,Volvo,S90 T8 AWD Recharge Mid-size 2.0L + 65 kW 4 Cyl Automatic 8-Gear,Mid-size,65,2.0,4,AS8,B/Z*,3.5 ([31.8 kWh + 0.0 L]/100 km),34,3,Z,8.3,7.5,7.9,761,100,9,7,2022 Volvo S90 T8 AWD Recharge Mid-size 2.0L + 65 kW 4 Cyl Automatic 8-Gear
3386,2022,Volvo,S90 T8 AWD Recharge Extended Range Mid-size 2.0L + 107 kW 4 Cyl Automatic 8-Gear,Mid-size,107,2.0,4,AS8,B/Z*,3.4 ([30.0 kWh + 0.0 L]/100 km),61,5,Z,8.5,7.6,8.1,748,65,10,7,2022 Volvo S90 T8 AWD Recharge Extended Range Mid-size 2.0L + 107 kW 4 Cyl Automatic 8-Gear
3387,2022,Volvo,V60 T8 AWD Recharge Station wagon: Small 2.0L + 65 kW 4 Cyl Automatic 8-Gear,Station wagon: Small,65,2.0,4,AS8,B/Z*,3.2 ([29.0 kWh + 0.0 L]/100 km),35,3,Z,8.4,7.0,7.8,781,94,10,7,2022 Volvo V60 T8 AWD Recharge Station wagon: Small 2.0L + 65 kW 4 Cyl Automatic 8-Gear
3388,2022,Volvo,V60 T8 AWD Recharge Extended Range Station wagon: Small 2.0L + 107 kW 4 Cyl Automatic 8-Gear,Station wagon: Small,107,2.0,4,AS8,B/Z*,3.0 ([27.2 kWh + 0.0 L]/100 km),64,5,Z,8.0,7.2,7.6,792,58,10,7,2022 Volvo V60 T8 AWD Recharge Extended Range Station wagon: Small 2.0L + 107 kW 4 Cyl Automatic 8-Gear
3389,2022,Volvo,XC60 T8 AWD Recharge Sport utility vehicle: Small 2.0L + 65 kW 4 Cyl Automatic 8-Gear,Sport utility vehicle: Small,65,2.0,4,AS8,B/Z*,3.9 ([35.1 kWh + 0.0 L]/100 km),31,3,Z,9.7,8.7,9.3,769,126,8,7,2022 Volvo XC60 T8 AWD Recharge Sport utility vehicle: Small 2.0L + 65 kW 4 Cyl Automatic 8-Gear
3390,2022,Volvo,XC60 T8 AWD Recharge Extended Range Sport utility vehicle: Small 2.0L + 107 kW 4 Cyl Automatic 8-Gear,Sport utility vehicle: Small,107,2.0,4,AS8,B/Z*,3.5 ([31.2 kWh + 0.0 L]/100 km),58,5,Z,8.5,8.5,8.5,838,72,10,7,2022 Volvo XC60 T8 AWD Recharge Extended Range Sport utility vehicle: Small 2.0L + 107 kW 4 Cyl Automatic 8-Gear
3391,2022,Volvo,XC90 T8 AWD Recharge Sport utility vehicle: Standard 2.0L + 65 kW 4 Cyl Automatic 8-Gear,Sport utility vehicle: Standard,65,2.0,4,AS8,B/Z*,4.0 ([36.1 kWh + 0.0 L]/100 km),29,3,Z,9.1,8.4,8.8,813,120,9,7,2022 Volvo XC90 T8 AWD Recharge Sport utility vehicle: Standard 2.0L + 65 kW 4 Cyl Automatic 8-Gear
3392,2022,Volvo,XC90 T8 AWD Recharge Extended Range Sport utility vehicle: Standard 2.0L + 107 kW 4 Cyl Automatic 8-Gear,Sport utility vehicle: Standard,107,2.0,4,AS8,B/Z*,3.4 ([30.6 kWh + 0.0 L]/100 km),58,5,Z,9.2,8.6,8.9,798,78,10,7,2022 Volvo XC90 T8 AWD Recharge Extended Range Sport utility vehicle: Standard 2.0L + 107 kW 4 Cyl Automatic 8-Gear
3393,2023,Audi,Q5 55 TFSI e quattro Sport utility vehicle: Small 2.0L + 105 kW 4 Cyl Auto-Manual 7-Gear,Sport utility vehicle: Small,105,2.0,4,AM7,B/Z*,3.9 ([34.8 kWh + 0.0 L]/100 km),37,3,Z,9.3,8.7,9.0,600,92,9,7,2023 Audi Q5 55 TFSI e quattro Sport utility vehicle: Small 2.0L + 105 kW 4 Cyl Auto-Manual 7-Gear
3394,2023,Bentley,Bentayga Hybrid Sport utility vehicle: Standard 3.0L + 100 kW 6 Cyl Automatic 8-Gear,Sport utility vehicle: Standard,100,3.0,6,AS8,B/Z*,5.0 ([44.2 kWh + 0.0 L]/100 km),31,3,Z,13.3,9.8,11.7,652,138,7,3,2023 Bentley Bentayga Hybrid Sport utility vehicle: Standard 3.0L + 100 kW 6 Cyl Automatic 8-Gear
3395,2023,Bentley,Flying Spur Hybrid Mid-size 2.9L + 103 kW 6 Cyl Auto-Manual 8-Gear,Mid-size,103,2.9,6,AM8,B/Z*,5.1 ([45.9 kWh + 0.0 L]/100 km),34,3,Z,13.7,10.7,12.3,653,156,7,5,2023 Bentley Flying Spur Hybrid Mid-size 2.9L + 103 kW 6 Cyl Auto-Manual 8-Gear
3396,2023,BMW,330e Sedan Compact 2.0L + 80 kW 4 Cyl Automatic 8-Gear,Compact,80,2.0,4,AS8,B/Z*,3.2 ([28.2 kWh + 0.0 L]/100 km),35,3,Z,9.9,7.4,8.8,468,98,9,7,2023 BMW 330e Sedan Compact 2.0L + 80 kW 4 Cyl Automatic 8-Gear
3397,2023,BMW,330e xDrive Sedan Compact 2.0L + 80 kW 4 Cyl Automatic 8-Gear,Compact,80,2.0,4,AS8,B/Z*,3.4 ([29.5 kWh + 0.0 L]/100 km),34,3,Z,10.6,7.4,9.2,452,107,9,7,2023 BMW 330e xDrive Sedan Compact 2.0L + 80 kW 4 Cyl Automatic 8-Gear
3398,2023,BMW,530e xDrive Sedan Compact 2.0L + 80 kW 4 Cyl Automatic 8-Gear,Compact,80,2.0,4,AS8,B/Z*,3.8 ([32.9 kWh + 0.0 L]/100 km),31,3,Z,10.5,8.4,9.5,486,126,8,7,2023 BMW 530e xDrive Sedan Compact 2.0L + 80 kW 4 Cyl Automatic 8-Gear
3399,2023,BMW,X3 xDrive30e Sport utility vehicle: Small 2.0L + 80 kW 4 Cyl Automatic 8-Gear,Sport utility vehicle: Small,80,2.0,4,AS8,B/Z*,3.9 ([34.7 kWh + 0.0 L]/100 km),29,3,Z,11.4,8.6,10.1,502,129,8,7,2023 BMW X3 xDrive30e Sport utility vehicle: Small 2.0L + 80 kW 4 Cyl Automatic 8-Gear
3400,2023,BMW,X5 xDrive45e Sport utility vehicle: Standard 3.0L + 83 kW 6 Cyl Automatic 8-Gear,Sport utility vehicle: Standard,83,3.0,6,AS8,B/Z*,4.5 ([39.2 kWh + 0.0 L]/100 km),50,5,Z,12.2,10.6,11.5,602,110,8,7,2023 BMW X5 xDrive45e Sport utility vehicle: Standard 3.0L + 83 kW 6 Cyl Automatic 8-Gear
3401,2023,BMW,XM Sport utility vehicle: Standard 4.4L + 145 kW 8 Cyl Automatic 8-Gear,Sport utility vehicle: Standard,145,4.4,8,AS8,B/Z*,5.1 ([45.5 kWh + 0.0 L]/100 km),50,7,Z,19.9,13.9,17.2,431,152,7,7,2023 BMW XM Sport utility vehicle: Standard 4.4L + 145 kW 8 Cyl Automatic 8-Gear
3402,2023,Chrysler,Pacifica Hybrid Minivan 3.6L + 89 kW 6 Cyl Automatic,Minivan,89,3.6,6,AV,B/X*,2.9 ([25.8 kWh + 0.0 L]/100 km),51,2,X,8.0,7.9,8.0,784,74,10,7,2023 Chrysler Pacifica Hybrid Minivan 3.6L + 89 kW 6 Cyl Automatic
3403,2023,Ford,Escape Plug-in Hybrid Sport utility vehicle: Small 2.5L + 62 kW 4 Cyl Automatic,Sport utility vehicle: Small,62,2.5,4,AV,B/X*,2.3 ([20.6 kWh + 0.0 L]/100 km),60,3.4,X,5.6,6.3,5.9,771,49,10,8,2023 Ford Escape Plug-in Hybrid Sport utility vehicle: Small 2.5L + 62 kW 4 Cyl Automatic
3404,2023,Hyundai,Santa Fe Plug-in Hybrid Sport utility vehicle: Small 1.6L + 67 kW 4 Cyl Auto-Manual 6-Gear,Sport utility vehicle: Small,67,1.6,4,AM6,B/X*,3.1 ([27.5 kWh + 0.0 L]/100 km),50,3.4,X,7.1,7.3,7.2,655,69,10,7,2023 Hyundai Santa Fe Plug-in Hybrid Sport utility vehicle: Small 1.6L + 67 kW 4 Cyl Auto-Manual 6-Gear
3405,2023,Hyundai,Tucson Plug-in Hybrid Sport utility vehicle: Small 1.6L + 67 kW 4 Cyl Auto-Manual 6-Gear,Sport utility vehicle: Small,67,1.6,4,AM6,B/X*,2.9 ([25.9 kWh + 0.0 L]/100 km),53,1.7,X,6.8,6.6,6.7,626,62,10,7,2023 Hyundai Tucson Plug-in Hybrid Sport utility vehicle: Small 1.6L + 67 kW 4 Cyl Auto-Manual 6-Gear
3406,2023,Jeep,Grand Cherokee 4xe Sport utility vehicle: Standard 2.0L + 100 kW 4 Cyl Automatic 8-Gear,Sport utility vehicle: Standard,100,2.0,4,A8,B/X*,4.2 ([36.0 kWh + 0.0 L]/100 km),42,3.4,X,10.3,9.7,10.0,719,110,8,7,2023 Jeep Grand Cherokee 4xe Sport utility vehicle: Standard 2.0L + 100 kW 4 Cyl Automatic 8-Gear
3407,2023,Jeep,Wrangler 4xe Sport utility vehicle: Small 2.0L + 100 kW 4 Cyl Automatic 8-Gear,Sport utility vehicle: Small,100,2.0,4,A8,B/X*,4.8 ([42.2 kWh + 0.0 L]/100 km),35,2.4,X,11.6,11.9,11.7,557,143,7,5,2023 Jeep Wrangler 4xe Sport utility vehicle: Small 2.0L + 100 kW 4 Cyl Automatic 8-Gear
3408,2023,Kia,Niro Plug-in Hybrid Station wagon: Small 1.6L + 62 kW 4 Cyl Auto-Manual 6-Gear,Station wagon: Small,62,1.6,4,AM6,B/X*,2.1 ([19.2 kWh + 0.0 L]/100 km),55,2.8,X,4.6,4.9,4.8,781,42,10,7,2023 Kia Niro Plug-in Hybrid Station wagon: Small 1.6L + 62 kW 4 Cyl Auto-Manual 6-Gear
3409,2023,Kia,Sorento Plug-in Hybrid Sport utility vehicle: Small 1.6L + 67 kW 4 Cyl Auto-Manual 6-Gear,Sport utility vehicle: Small,67,1.6,4,AM6,B/X*,3.0 ([26.4 kWh + 0.0 L]/100 km),51,3.4,X,6.7,7.1,6.9,681,65,10,7,2023 Kia Sorento Plug-in Hybrid Sport utility vehicle: Small 1.6L + 67 kW 4 Cyl Auto-Manual 6-Gear
3410,2023,Kia,Sportage Plug-in Hybrid Sport utility vehicle: Small 1.6L + 67 kW 4 Cyl Auto-Manual 6-Gear,Sport utility vehicle: Small,67,1.6,4,AM6,B/X*,2.8 ([24.9 kWh + 0.0 L]/100 km),55,2,X,6.6,6.7,6.7,632,60,10,7,2023 Kia Sportage Plug-in Hybrid Sport utility vehicle: Small 1.6L + 67 kW 4 Cyl Auto-Manual 6-Gear
3411,2023,Lexus,NX 450h+ AWD Sport utility vehicle: Small 2.5L + 134 kW 4 Cyl Automatic 6-Gear,Sport utility vehicle: Small,134,2.5,4,AV6,B/Z*,2.8 ([24.7 kWh + 0.0 L]/100 km),61,4.5,Z,6.2,7.0,6.6,835,54,10,7,2023 Lexus NX 450h+ AWD Sport utility vehicle: Small 2.5L + 134 kW 4 Cyl Automatic 6-Gear
3412,2023,Lincoln,Aviator Grand Touring Sport utility vehicle: Standard 3.0L + 62 kW 6 Cyl Automatic 10-Gear,Sport utility vehicle: Standard,62,3.0,6,AS10,B/X*,4.2 ([37.3 kWh + 0.0 L]/100 km),34,3.5,X,10.9,9.6,10.3,713,130,8,7,2023 Lincoln Aviator Grand Touring Sport utility vehicle: Standard 3.0L + 62 kW 6 Cyl Automatic 10-Gear
3413,2023,Lincoln,Corsair Grand Touring Sport utility vehicle: Small 2.5L + 62 kW 4 Cyl Automatic,Sport utility vehicle: Small,62,2.5,4,AV,B/X*,3.1 ([27.5 kWh + 0.0 L]/100 km),43,3.2,X,6.9,7.4,7.1,639,76,10,8,2023 Lincoln Corsair Grand Touring Sport utility vehicle: Small 2.5L + 62 kW 4 Cyl Automatic
3414,2023,Mercedes-Benz,S 580e 4MATIC Sedan Full-size 3.0L + 110 kW 6 Cyl Automatic 9-Gear,Full-size,110,3.0,6,A9,B/Z,4.6 ([30.4 kWh + 1.2 L]/100 km),90,2.25,Z,11.5,8.2,10.0,671,67,10,7,2023 Mercedes-Benz S 580e 4MATIC Sedan Full-size 3.0L + 110 kW 6 Cyl Automatic 9-Gear
3415,2023,MINI,Cooper SE Countryman ALL4 Mid-size 1.5L + 65 kW 3 Cyl Automatic 6-Gear,Mid-size,65,1.5,3,AS6,B/Z*,3.2 ([28.4 kWh + 0.0 L]/100 km),29,3,Z,8.1,7.9,8.0,451,109,8,3,2023 MINI Cooper SE Countryman ALL4 Mid-size 1.5L + 65 kW 3 Cyl Automatic 6-Gear
3416,2023,Mitsubishi,Outlander PHEV AWD Sport utility vehicle: Standard 2.4L + 100 kW 4 Cyl Automatic 1-Gear,Sport utility vehicle: Standard,100,2.4,4,A1,B/X*,3.6 ([32.1 kWh + 0.0 L]/100 km),61,6.5,X,9.2,8.7,9.0,626,70,10,7,2023 Mitsubishi Outlander PHEV AWD Sport utility vehicle: Standard 2.4L + 100 kW 4 Cyl Automatic 1-Gear
3417,2023,Subaru,Crosstrek Hybrid AWD Sport utility vehicle: Small 2.0L + 100 kW 4 Cyl Automatic,Sport utility vehicle: Small,100,2.0,4,AV,B/X*,2.6 ([23.5 kWh + 0.0 L]/100 km),27,2,X,6.6,6.8,6.7,747,94,9,6,2023 Subaru Crosstrek Hybrid AWD Sport utility vehicle: Small 2.0L + 100 kW 4 Cyl Automatic
3418,2023,Toyota,Prius Prime SE Mid-size 2.0L + 120 kW 4 Cyl Automatic,Mid-size,120,2.0,4,AV,B/X*,1.8 ([16.4 kWh + 0.0 L]/100 km),72,4,X,4.4,4.6,4.5,890,31,10,7,2023 Toyota Prius Prime SE Mid-size 2.0L + 120 kW 4 Cyl Automatic
3419,2023,Toyota,Prius Prime XSE Mid-size 2.0L + 120 kW 4 Cyl Automatic,Mid-size,120,2.0,4,AV,B/X*,2.1 ([18.3 kWh + 0.0 L]/100 km),64,4,X,4.7,5.0,4.9,826,37,10,7,2023 Toyota Prius Prime XSE Mid-size 2.0L + 120 kW 4 Cyl Automatic
3420,2023,Toyota,RAV4 Prime Sport utility vehicle: Small 2.5L + 134 kW 4 Cyl Automatic,Sport utility vehicle: Small,134,2.5,4,AV,B/X*,2.5 ([22.3 kWh + 0.0 L]/100 km),68,4.5,X,5.7,6.4,6.0,911,44,10,7,2023 Toyota RAV4 Prime Sport utility vehicle: Small 2.5L + 134 kW 4 Cyl Automatic
3421,2023,Volvo,S60 T8 AWD Recharge Compact 2.0L + 107 kW 4 Cyl Automatic 8-Gear,Compact,107,2.0,4,AS8,B/Z*,3.0 ([27.2 kWh + 0.0 L]/100 km),64,5,Z,8.0,7.2,7.6,792,58,10,7,2023 Volvo S60 T8 AWD Recharge Compact 2.0L + 107 kW 4 Cyl Automatic 8-Gear
3422,2023,Volvo,S90 T8 AWD Recharge Mid-size 2.0L + 107 kW 4 Cyl Automatic 8-Gear,Mid-size,107,2.0,4,AS8,B/Z*,3.4 ([30.0 kWh + 0.0 L]/100 km),61,5,Z,8.5,7.6,8.1,748,65,10,7,2023 Volvo S90 T8 AWD Recharge Mid-size 2.0L + 107 kW 4 Cyl Automatic 8-Gear
3423,2023,Volvo,V60 T8 AWD Recharge Station wagon: Small 2.0L + 107 kW 4 Cyl Automatic 8-Gear,Station wagon: Small,107,2.0,4,AS8,B/Z*,3.0 ([27.2 kWh + 0.0 L]/100 km),64,5,Z,8.0,7.2,7.6,792,58,10,7,2023 Volvo V60 T8 AWD Recharge Station wagon: Small 2.0L + 107 kW 4 Cyl Automatic 8-Gear
3424,2023,Volvo,XC60 T8 AWD Recharge Sport utility vehicle: Small 2.0L + 107 kW 4 Cyl Automatic 8-Gear,Sport utility vehicle: Small,107,2.0,4,AS8,B/Z*,3.5 ([31.2 kWh + 0.0 L]/100 km),58,5,Z,8.5,8.5,8.5,838,72,10,7,2023 Volvo XC60 T8 AWD Recharge Sport utility vehicle: Small 2.0L + 107 kW 4 Cyl Automatic 8-Gear
3425,2023,Volvo,XC90 T8 AWD Recharge Sport utility vehicle: Standard 2.0L + 107 kW 4 Cyl Automatic 8-Gear,Sport utility vehicle: Standard,107,2.0,4,AS8,B/Z*,3.8 ([34.4 kWh + 0.0 L]/100 km),53,5,Z,9.1,8.6,8.9,803,82,9,7,2023 Volvo XC90 T8 AWD Recharge Sport utility vehicle: Standard 2.0L + 107 kW 4 Cyl Automatic 8-Gear
3426,2024,Alfa Romeo,Tonale PHEV Sport utility vehicle: Small 1.3L + 89 kW 4 Cyl Automatic 6-Gear,Sport utility vehicle: Small,89,1.3,4,A6,B/X*,3.1 ([27.2 kWh + 0.0 L]/100 km),53,4,X,8.1,8.1,8.1,520,75,9,6,2024 Alfa Romeo Tonale PHEV Sport utility vehicle: Small 1.3L + 89 kW 4 Cyl Automatic 6-Gear
3427,2024,Audi,Q5 55 TFSI e quattro Sport utility vehicle: Small 2.0L + 105 kW 4 Cyl Auto-Manual 7-Gear,Sport utility vehicle: Small,105,2.0,4,AM7,B/Z*,4.1 ([36.2 kWh + 0.0 L]/100 km),39,3,Z,9.4,8.7,9.1,595,93,9,7,2024 Audi Q5 55 TFSI e quattro Sport utility vehicle: Small 2.0L + 105 kW 4 Cyl Auto-Manual 7-Gear
3428,2024,Bentley,Bentayga Hybrid Sport utility vehicle: Standard 3.0L + 100 kW 6 Cyl Automatic 8-Gear,Sport utility vehicle: Standard,100,3.0,6,AS8,B/Z*,5.6 ([49.4 kWh + 0.0 L]/100 km),34,3,Z,12.3,10.1,11.3,668,128,8,3,2024 Bentley Bentayga Hybrid Sport utility vehicle: Standard 3.0L + 100 kW 6 Cyl Automatic 8-Gear
3429,2024,Bentley,Flying Spur Hybrid Mid-size 2.9L + 103 kW 6 Cyl Auto-Manual 8-Gear,Mid-size,103,2.9,6,AM8,B/Z*,5.1 ([45.9 kWh + 0.0 L]/100 km),34,3,Z,13.7,10.7,12.3,653,156,7,5,2024 Bentley Flying Spur Hybrid Mid-size 2.9L + 103 kW 6 Cyl Auto-Manual 8-Gear
3430,2024,BMW,330e Sedan Compact 2.0L + 80 kW 4 Cyl Automatic 8-Gear,Compact,80,2.0,4,AS8,B/Z*,3.2 ([28.2 kWh + 0.0 L]/100 km),35,3,Z,9.9,7.4,8.8,468,98,8,7,2024 BMW 330e Sedan Compact 2.0L + 80 kW 4 Cyl Automatic 8-Gear
3431,2024,BMW,330e xDrive Sedan Compact 2.0L + 80 kW 4 Cyl Automatic 8-Gear,Compact,80,2.0,4,AS8,B/Z*,3.4 ([29.5 kWh + 0.0 L]/100 km),34,3,Z,10.6,7.4,9.2,452,107,8,7,2024 BMW 330e xDrive Sedan Compact 2.0L + 80 kW 4 Cyl Automatic 8-Gear
3432,2024,BMW,750e xDrive Sedan Full-size 3.0L + 145 kW 6 Cyl Automatic 8-Gear,Full-size,145,3.0,6,AS8,B/Z,3.6 ([31.1 kWh + 0.1 L]/100 km),55,5,Z,9.9,8.8,9.4,695,82,9,7,2024 BMW 750e xDrive Sedan Full-size 3.0L + 145 kW 6 Cyl Automatic 8-Gear
3433,2024,BMW,X3 xDrive30e Sport utility vehicle: Small 2.0L + 80 kW 4 Cyl Automatic 8-Gear,Sport utility vehicle: Small,80,2.0,4,AS8,B/Z*,3.9 ([34.7 kWh + 0.0 L]/100 km),29,3,Z,11.4,8.6,10.1,502,129,8,7,2024 BMW X3 xDrive30e Sport utility vehicle: Small 2.0L + 80 kW 4 Cyl Automatic 8-Gear
3434,2024,BMW,X5 xDrive50e Sport utility vehicle: Standard 3.0L + 145 kW 6 Cyl Automatic 8-Gear,Sport utility vehicle: Standard,145,3.0,6,AS8,B/Z*,4.0 ([35.9 kWh + 0.0 L]/100 km),63,5,Z,10.9,10.2,10.6,650,81,9,7,2024 BMW X5 xDrive50e Sport utility vehicle: Standard 3.0L + 145 kW 6 Cyl Automatic 8-Gear
3435,2024,BMW,XM Sport utility vehicle: Standard 4.4L + 145 kW 8 Cyl Automatic 8-Gear,Sport utility vehicle: Standard,145,4.4,8,AS8,B/Z*,5.1 ([45.5 kWh + 0.0 L]/100 km),50,7,Z,19.9,13.9,17.2,431,152,7,7,2024 BMW XM Sport utility vehicle: Standard 4.4L + 145 kW 8 Cyl Automatic 8-Gear
3436,2024,BMW,XM Label Red Sport utility vehicle: Standard 4.4L + 145 kW 8 Cyl Automatic 8-Gear,Sport utility vehicle: Standard,145,4.4,8,AS8,B/Z*,5.1 ([45.5 kWh + 0.0 L]/100 km),50,7,Z,20.0,13.5,17.1,436,159,7,7,2024 BMW XM Label Red Sport utility vehicle: Standard 4.4L + 145 kW 8 Cyl Automatic 8-Gear
3437,2024,Chrysler,Pacifica Hybrid Minivan 3.6L + 89 kW 6 Cyl Automatic,Minivan,89,3.6,6,AV,B/X*,2.9 ([25.8 kWh + 0.0 L]/100 km),51,2,X,8.0,7.9,8.0,784,74,9,7,2024 Chrysler Pacifica Hybrid Minivan 3.6L + 89 kW 6 Cyl Automatic
3438,2024,Dodge,Hornet R/T PHEV Sport utility vehicle: Small 1.3L + 89 kW 4 Cyl Automatic 6-Gear,Sport utility vehicle: Small,89,1.3,4,A6,B/X*,3.1 ([27.2 kWh + 0.0 L]/100 km),53,4,X,8.1,8.1,8.1,520,75,9,6,2024 Dodge Hornet R/T PHEV Sport utility vehicle: Small 1.3L + 89 kW 4 Cyl Automatic 6-Gear
3439,2024,Ferrari,296 GTB Two-seater 2.9L + 137 kW 6 Cyl Auto-Manual 8-Gear,Two-seater,137,2.9,6,AM8,B/Z*,5.0 ([45.0 kWh + 0.0 L]/100 km),13,2.5,Z,15.2,10.7,13.2,526,247,5,6,2024 Ferrari 296 GTB Two-seater 2.9L + 137 kW 6 Cyl Auto-Manual 8-Gear
3440,2024,Ferrari,296 GTS Two-seater 2.9L + 137 kW 6 Cyl Auto-Manual 8-Gear,Two-seater,137,2.9,6,AM8,B/Z*,4.9 ([44.2 kWh + 0.0 L]/100 km),13,2.5,Z,15.2,10.7,13.2,504,251,5,6,2024 Ferrari 296 GTS Two-seater 2.9L + 137 kW 6 Cyl Auto-Manual 8-Gear
3441,2024,Ferrari,SF90 Spider Two-seater 3.9L + 137 kW 8 Cyl Auto-Manual 8-Gear,Two-seater,137,3.9,8,AM8,B/Z*,5.4 ([47.6 kWh + 0.0 L]/100 km),13,2.5,Z,14.6,12.6,13.7,500,257,4,3,2024 Ferrari SF90 Spider Two-seater 3.9L + 137 kW 8 Cyl Auto-Manual 8-Gear
3442,2024,Ferrari,SF90 Stradale Two-seater 3.9L + 137 kW 8 Cyl Auto-Manual 8-Gear,Two-seater,137,3.9,8,AM8,B/Z*,4.6 ([41.3 kWh + 0.0 L]/100 km),14,2.5,Z,14.6,11.9,13.4,513,251,5,3,2024 Ferrari SF90 Stradale Two-seater 3.9L + 137 kW 8 Cyl Auto-Manual 8-Gear
3443,2024,Ferrari,SF90 XX Spider Two-seater 3.9L + 147 kW 8 Cyl Auto-Manual 8-Gear,Two-seater,147,3.9,8,AM8,B/Z*,5.3 ([47.1 kWh + 0.0 L]/100 km),13,2.5,Z,15.2,12.2,13.9,497,258,4,5,2024 Ferrari SF90 XX Spider Two-seater 3.9L + 147 kW 8 Cyl Auto-Manual 8-Gear
3444,2024,Ferrari,SF90 XX Stradale Two-seater 3.9L + 147 kW 8 Cyl Auto-Manual 8-Gear,Two-seater,147,3.9,8,AM8,B/Z*,5.3 ([47.1 kWh + 0.0 L]/100 km),13,2.5,Z,15.2,12.2,13.9,497,258,4,5,2024 Ferrari SF90 XX Stradale Two-seater 3.9L + 147 kW 8 Cyl Auto-Manual 8-Gear
3445,2024,Ford,Escape Plug-in Hybrid Sport utility vehicle: Small 2.5L + 62 kW 4 Cyl Automatic,Sport utility vehicle: Small,62,2.5,4,AV,B/X*,2.3 ([20.6 kWh + 0.0 L]/100 km),60,3.4,X,5.6,6.3,5.9,771,49,10,8,2024 Ford Escape Plug-in Hybrid Sport utility vehicle: Small 2.5L + 62 kW 4 Cyl Automatic
3446,2024,Hyundai,Tucson Plug-in Hybrid Sport utility vehicle: Small 1.6L + 67 kW 4 Cyl Auto-Manual 6-Gear,Sport utility vehicle: Small,67,1.6,4,AM6,B/X*,2.9 ([25.9 kWh + 0.0 L]/100 km),53,1.7,X,6.8,6.6,6.7,626,62,9,7,2024 Hyundai Tucson Plug-in Hybrid Sport utility vehicle: Small 1.6L + 67 kW 4 Cyl Auto-Manual 6-Gear
3447,2024,Jeep,Grand Cherokee 4xe Sport utility vehicle: Standard 2.0L + 100 kW 4 Cyl Automatic 8-Gear,Sport utility vehicle: Standard,100,2.0,4,A8,B/X*,4.2 ([36.0 kWh + 0.0 L]/100 km),42,3.4,X,10.3,9.7,10.0,719,110,8,7,2024 Jeep Grand Cherokee 4xe Sport utility vehicle: Standard 2.0L + 100 kW 4 Cyl Automatic 8-Gear
3448,2024,Jeep,Wrangler 4xe Sport utility vehicle: Small 2.0L + 100 kW 4 Cyl Automatic 8-Gear,Sport utility vehicle: Small,100,2.0,4,A8,B/X*,4.8 ([42.2 kWh + 0.0 L]/100 km),35,2.4,X,11.6,11.9,11.7,557,143,7,7,2024 Jeep Wrangler 4xe Sport utility vehicle: Small 2.0L + 100 kW 4 Cyl Automatic 8-Gear
3449,2024,Kia,Niro Plug-in Hybrid Sport utility vehicle: Small 1.6L + 62 kW 4 Cyl Auto-Manual 6-Gear,Sport utility vehicle: Small,62,1.6,4,AM6,B/X*,2.1 ([19.1 kWh + 0.0 L]/100 km),55,2.8,X,4.6,4.9,4.8,781,42,10,7,2024 Kia Niro Plug-in Hybrid Sport utility vehicle: Small 1.6L + 62 kW 4 Cyl Auto-Manual 6-Gear
3450,2024,Kia,Sorento Plug-in Hybrid Sport utility vehicle: Small 1.6L + 67 kW 4 Cyl Auto-Manual 6-Gear,Sport utility vehicle: Small,67,1.6,4,AM6,B/X*,3.0 ([26.4 kWh + 0.0 L]/100 km),51,3.4,X,6.7,7.1,6.9,681,65,9,7,2024 Kia Sorento Plug-in Hybrid Sport utility vehicle: Small 1.6L + 67 kW 4 Cyl Auto-Manual 6-Gear
3451,2024,Kia,Sportage Plug-in Hybrid Sport utility vehicle: Small 1.6L + 67 kW 4 Cyl Auto-Manual 6-Gear,Sport utility vehicle: Small,67,1.6,4,AM6,B/X*,2.8 ([24.9 kWh + 0.0 L]/100 km),55,2,X,6.6,6.7,6.7,632,60,10,7,2024 Kia Sportage Plug-in Hybrid Sport utility vehicle: Small 1.6L + 67 kW 4 Cyl Auto-Manual 6-Gear
3452,2024,Lamborghini,Revuelto Two-seater 6.5L + 110 kW 12 Cyl Auto-Manual 8-Gear,Two-seater,110,6.5,12,AM8,B/Z,10.4 ([49.7 kWh + 6.1 L]/100 km),8,2,Z,24.5,14.2,19.9,365,472,1,3,2024 Lamborghini Revuelto Two-seater 6.5L + 110 kW 12 Cyl Auto-Manual 8-Gear
3453,2024,Lexus,NX 450h+ AWD Sport utility vehicle: Small 2.5L + 134 kW 4 Cyl Automatic 6-Gear,Sport utility vehicle: Small,134,2.5,4,AV6,B/Z*,2.8 ([24.7 kWh + 0.0 L]/100 km),61,4.5,Z,6.2,7.0,6.6,835,54,10,7,2024 Lexus NX 450h+ AWD Sport utility vehicle: Small 2.5L + 134 kW 4 Cyl Automatic 6-Gear
3454,2024,Lexus,RX 450h+ AWD Sport utility vehicle: Small 2.5L + 134 kW 4 Cyl Automatic 6-Gear,Sport utility vehicle: Small,134,2.5,4,AV6,B/Z*,2.8 ([25.0 kWh + 0.0 L]/100 km),60,2.5,Z,6.4,7.1,6.7,818,55,10,7,2024 Lexus RX 450h+ AWD Sport utility vehicle: Small 2.5L + 134 kW 4 Cyl Automatic 6-Gear
3455,2024,Lincoln,Corsair Grand Touring Sport utility vehicle: Small 2.5L + 62 kW 4 Cyl Automatic,Sport utility vehicle: Small,62,2.5,4,AV,B/X*,3.0 ([26.4 kWh + 0.0 L]/100 km),45,3.4,X,6.9,7.3,7.1,642,74,9,8,2024 Lincoln Corsair Grand Touring Sport utility vehicle: Small 2.5L + 62 kW 4 Cyl Automatic
3456,2024,Mazda,CX-90 PHEV 4WD Sport utility vehicle: Standard 2.5L + 68 kW 4 Cyl Automatic 8-Gear,Sport utility vehicle: Standard,68,2.5,4,AS8,B/Z,4.2 ([36.0 kWh + 0.2 L]/100 km),42,2.1,Z,9.9,8.7,9.4,747,105,8,7,2024 Mazda CX-90 PHEV 4WD Sport utility vehicle: Standard 2.5L + 68 kW 4 Cyl Automatic 8-Gear
3457,2024,Mercedes-Benz,AMG C 63 S E Performance Compact 2.0L + 150 kW 4 Cyl Auto-Manual 9-Gear,Compact,150,2.0,4,AM9,B/Z,5.9 ([37.9 kWh + 1.5 L]/100 km),11,1.5,Z,12.1,10.1,11.2,539,217,5,5,2024 Mercedes-Benz AMG C 63 S E Performance Compact 2.0L + 150 kW 4 Cyl Auto-Manual 9-Gear
3458,2024,Mercedes-Benz,AMG GT 63 S E Performance Compact 4.0L + 150 kW 8 Cyl Auto-Manual 9-Gear,Compact,150,4.0,8,AM9,B/Z,9.4 ([26.6 kWh + 6.4 L]/100 km),18,1.25,Z,14.1,11.7,13.1,546,259,4,5,2024 Mercedes-Benz AMG GT 63 S E Performance Compact 4.0L + 150 kW 8 Cyl Auto-Manual 9-Gear
3459,2024,Mercedes-Benz,AMG S 63 E Performance Full-size 4.0L + 140 kW 8 Cyl Auto-Manual 9-Gear,Full-size,140,4.0,8,AM9,B/Z*,4.8 ([42.1 kWh + 0.0 L]/100 km),26,3.25,Z,14.4,11.5,13.1,587,188,6,5,2024 Mercedes-Benz AMG S 63 E Performance Full-size 4.0L + 140 kW 8 Cyl Auto-Manual 9-Gear
3460,2024,Mercedes-Benz,GLE 450e 4MATIC SUV Sport utility vehicle: Standard 2.0L + 100 kW 4 Cyl Automatic 9-Gear,Sport utility vehicle: Standard,100,2.0,4,A9,B/Z*,4.1 ([36.4 kWh + 0.0 L]/100 km),77,2.75,Z,10.5,9.1,9.9,663,63,9,7,2024 Mercedes-Benz GLE 450e 4MATIC SUV Sport utility vehicle: Standard 2.0L + 100 kW 4 Cyl Automatic 9-Gear
3461,2024,Mercedes-Benz,S 580e 4MATIC Sedan Full-size 3.0L + 110 kW 6 Cyl Automatic 9-Gear,Full-size,110,3.0,6,A9,B/Z*,3.9 ([35.0 kWh + 0.0 L]/100 km),74,2.25,Z,11.5,8.2,10.0,687,69,9,7,2024 Mercedes-Benz S 580e 4MATIC Sedan Full-size 3.0L + 110 kW 6 Cyl Automatic 9-Gear
3462,2024,Mitsubishi,Outlander PHEV AWD Sport utility vehicle: Standard 2.4L + 100 kW 4 Cyl Automatic 1-Gear,Sport utility vehicle: Standard,100,2.4,4,A1,B/X*,3.6 ([32.1 kWh + 0.0 L]/100 km),61,6.5,X,9.2,8.7,9.0,626,70,9,7,2024 Mitsubishi Outlander PHEV AWD Sport utility vehicle: Standard 2.4L + 100 kW 4 Cyl Automatic 1-Gear
3463,2024,Toyota,Prius Plug-in Hybrid SE (Prime SE) Mid-size 2.0L + 120 kW 4 Cyl Automatic,Mid-size,120,2.0,4,AV,B/X*,1.8 ([16.4 kWh + 0.0 L]/100 km),72,4,X,4.4,4.6,4.5,890,31,10,7,2024 Toyota Prius Plug-in Hybrid SE (Prime SE) Mid-size 2.0L + 120 kW 4 Cyl Automatic
3464,2024,Toyota,Prius Plug-in Hybrid XSE (Prime XSE) Mid-size 2.0L + 120 kW 4 Cyl Automatic,Mid-size,120,2.0,4,AV,B/X*,2.1 ([18.3 kWh + 0.0 L]/100 km),64,4,X,4.7,5.0,4.9,826,37,10,7,2024 Toyota Prius Plug-in Hybrid XSE (Prime XSE) Mid-size 2.0L + 120 kW 4 Cyl Automatic
3465,2024,Toyota,RAV4 Plug-in Hybrid (Prime) Sport utility vehicle: Small 2.5L + 134 kW 4 Cyl Automatic,Sport utility vehicle: Small,134,2.5,4,AV,B/X*,2.5 ([22.3 kWh + 0.0 L]/100 km),68,4.5,X,5.7,6.4,6.0,911,44,10,7,2024 Toyota RAV4 Plug-in Hybrid (Prime) Sport utility vehicle: Small 2.5L + 134 kW 4 Cyl Automatic
3466,2024,Volvo,S60 T8 AWD Recharge Compact 2.0L + 107 kW 4 Cyl Automatic 8-Gear,Compact,107,2.0,4,AS8,B/Z*,3.0 ([27.2 kWh + 0.0 L]/100 km),64,5,Z,8.0,7.2,7.6,792,58,10,7,2024 Volvo S60 T8 AWD Recharge Compact 2.0L + 107 kW 4 Cyl Automatic 8-Gear
3467,2024,Volvo,S90 T8 AWD Recharge Mid-size 2.0L + 107 kW 4 Cyl Automatic 8-Gear,Mid-size,107,2.0,4,AS8,B/Z*,3.4 ([30.0 kWh + 0.0 L]/100 km),61,5,Z,8.5,7.6,8.1,748,65,9,7,2024 Volvo S90 T8 AWD Recharge Mid-size 2.0L + 107 kW 4 Cyl Automatic 8-Gear
3468,2024,Volvo,V60 T8 AWD Recharge Station wagon: Small 2.0L + 107 kW 4 Cyl Automatic 8-Gear,Station wagon: Small,107,2.0,4,AS8,B/Z*,3.0 ([27.2 kWh + 0.0 L]/100 km),64,5,Z,8.0,7.2,7.6,792,58,10,7,2024 Volvo V60 T8 AWD Recharge Station wagon: Small 2.0L + 107 kW 4 Cyl Automatic 8-Gear
3469,2024,Volvo,XC60 T8 AWD Recharge Sport utility vehicle: Small 2.0L + 107 kW 4 Cyl Automatic 8-Gear,Sport utility vehicle: Small,107,2.0,4,AS8,B/Z*,3.5 ([31.2 kWh + 0.0 L]/100 km),58,5,Z,8.5,8.5,8.5,838,72,9,7,2024 Volvo XC60 T8 AWD Recharge Sport utility vehicle: Small 2.0L + 107 kW 4 Cyl Automatic 8-Gear
3470,2024,Volvo,XC90 T8 AWD Recharge Sport utility vehicle: Standard 2.0L + 107 kW 4 Cyl Automatic 8-Gear,Sport utility vehicle: Standard,107,2.0,4,AS8,B/Z*,3.8 ([34.4 kWh + 0.0 L]/100 km),53,5,Z,9.1,8.6,8.9,803,82,9,7,2024 Volvo XC90 T8 AWD Recharge Sport utility vehicle: Standard 2.0L + 107 kW 4 Cyl Automatic 8-Gear
3471,2025,Alfa Romeo,Tonale PHEV Sport utility vehicle: Small 1.3L + 89 kW 4 Cyl Automatic 6-Gear,Sport utility vehicle: Small,89,1.3,4,A6,B/X*,3.1 ([27.2 kWh + 0.0 L]/100 km),53,4,X,8.1,8.1,8.1,520,75,9,5,2025 Alfa Romeo Tonale PHEV Sport utility vehicle: Small 1.3L + 89 kW 4 Cyl Automatic 6-Gear
3472,2025,Audi,Q5 55 TFSI e quattro Sport utility vehicle: Small 2.0L + 105 kW 4 Cyl Auto-Manual 7-Gear,Sport utility vehicle: Small,105,2.0,4,AM7,B/Z*,4.1 ([36.2 kWh + 0.0 L]/100 km),39,3,Z,9.4,8.7,9.1,595,93,8,6,2025 Audi Q5 55 TFSI e quattro Sport utility vehicle: Small 2.0L + 105 kW 4 Cyl Auto-Manual 7-Gear
3473,2025,Bentley,Bentayga Hybrid Sport utility vehicle: Standard 3.0L + 100 kW 6 Cyl Automatic 8-Gear,Sport utility vehicle: Standard,100,3.0,6,AS8,B/Z*,5.6 ([49.4 kWh + 0.0 L]/100 km),34,3,Z,12.3,10.1,11.3,668,128,7,3,2025 Bentley Bentayga Hybrid Sport utility vehicle: Standard 3.0L + 100 kW 6 Cyl Automatic 8-Gear
3474,2025,Bentley,Continental GT Subcompact 4.0L + 140 kW 8 Cyl Auto-Manual 8-Gear,Subcompact,140,4.0,8,AM8,B/Z*,5.1 ([45.4 kWh + 0.0 L]/100 km),48,3,Z,13.7,10.5,12.3,661,100,8,4,2025 Bentley Continental GT Subcompact 4.0L + 140 kW 8 Cyl Auto-Manual 8-Gear
3475,2025,Bentley,Continental GT Speed Subcompact 4.0L + 140 kW 8 Cyl Auto-Manual 8-Gear,Subcompact,140,4.0,8,AM8,B/Z*,5.1 ([45.4 kWh + 0.0 L]/100 km),48,3,Z,13.7,10.5,12.3,661,100,8,4,2025 Bentley Continental GT Speed Subcompact 4.0L + 140 kW 8 Cyl Auto-Manual 8-Gear
3476,2025,Bentley,Continental GTC Minicompact 4.0L + 140 kW 8 Cyl Auto-Manual 8-Gear,Minicompact,140,4.0,8,AM8,B/Z*,5.1 ([45.4 kWh + 0.0 L]/100 km),48,3,Z,13.7,10.5,12.3,661,100,8,4,2025 Bentley Continental GTC Minicompact 4.0L + 140 kW 8 Cyl Auto-Manual 8-Gear
3477,2025,Bentley,Continental GTC Speed Minicompact 4.0L + 140 kW 8 Cyl Auto-Manual 8-Gear,Minicompact,140,4.0,8,AM8,B/Z*,5.1 ([45.4 kWh + 0.0 L]/100 km),48,3,Z,13.7,10.5,12.3,661,100,8,4,2025 Bentley Continental GTC Speed Minicompact 4.0L + 140 kW 8 Cyl Auto-Manual 8-Gear
3478,2025,Bentley,Flying Spur Mid-size 4.0L + 140 kW 8 Cyl Auto-Manual 8-Gear,Mid-size,140,4.0,8,AM8,B/Z*,5.1 ([45.4 kWh + 0.0 L]/100 km),48,3,Z,13.7,10.5,12.3,661,100,8,4,2025 Bentley Flying Spur Mid-size 4.0L + 140 kW 8 Cyl Auto-Manual 8-Gear
3479,2025,Bentley,Flying Spur Speed Mid-size 4.0L + 140 kW 8 Cyl Auto-Manual 8-Gear,Mid-size,140,4.0,8,AM8,B/Z*,5.1 ([45.4 kWh + 0.0 L]/100 km),48,3,Z,13.7,10.5,12.3,661,100,8,4,2025 Bentley Flying Spur Speed Mid-size 4.0L + 140 kW 8 Cyl Auto-Manual 8-Gear
3480,2025,BMW,550e xDrive Sedan Mid-size 3.0L + 145 kW 6 Cyl Automatic 8-Gear,Mid-size,145,3.0,6,AS8,B/Z*,3.5 ([31.3 kWh + 0.0 L]/100 km),55,4,Z,10.1,9.0,9.6,628,84,9,6,2025 BMW 550e xDrive Sedan Mid-size 3.0L + 145 kW 6 Cyl Automatic 8-Gear
3481,2025,BMW,750e xDrive Sedan Full-size 3.0L + 145 kW 6 Cyl Automatic 8-Gear,Full-size,145,3.0,6,AS8,B/Z,3.6 ([31.1 kWh + 0.1 L]/100 km),55,3,Z,9.9,8.8,9.4,695,82,9,6,2025 BMW 750e xDrive Sedan Full-size 3.0L + 145 kW 6 Cyl Automatic 8-Gear
3482,2025,BMW,M5 Sedan Mid-size 4.4L + 145 kW 8 Cyl Automatic 8-Gear,Mid-size,145,4.4,8,AS8,B/Z,4.7 ([36.4 kWh + 0.6 L]/100 km),43,4,Z,20.4,13.5,17.3,396,177,6,4,2025 BMW M5 Sedan Mid-size 4.4L + 145 kW 8 Cyl Automatic 8-Gear
3483,2025,BMW,M5 Touring Station wagon: Mid-size 4.4L + 145 kW 8 Cyl Automatic 8-Gear,Station wagon: Mid-size,145,4.4,8,AS8,B/Z*,4.4 ([38.7 kWh + 0.0 L]/100 km),40,4,Z,20.6,13.7,17.5,388,189,6,4,2025 BMW M5 Touring Station wagon: Mid-size 4.4L + 145 kW 8 Cyl Automatic 8-Gear
3484,2025,BMW,X5 xDrive50e Sport utility vehicle: Standard 3.0L + 145 kW 6 Cyl Automatic 8-Gear,Sport utility vehicle: Standard,145,3.0,6,AS8,B/Z*,4.0 ([35.9 kWh + 0.0 L]/100 km),63,5,Z,10.9,10.2,10.6,650,81,9,6,2025 BMW X5 xDrive50e Sport utility vehicle: Standard 3.0L + 145 kW 6 Cyl Automatic 8-Gear
3485,2025,BMW,XM Sport utility vehicle: Standard 4.4L + 145 kW 8 Cyl Automatic 8-Gear,Sport utility vehicle: Standard,145,4.4,8,AS8,B/Z*,5.1 ([45.5 kWh + 0.0 L]/100 km),50,5,Z,19.9,13.9,17.2,431,152,7,6,2025 BMW XM Sport utility vehicle: Standard 4.4L + 145 kW 8 Cyl Automatic 8-Gear
3486,2025,BMW,XM Label Sport utility vehicle: Standard 4.4L + 145 kW 8 Cyl Automatic 8-Gear,Sport utility vehicle: Standard,145,4.4,8,AS8,B/Z*,5.1 ([45.5 kWh + 0.0 L]/100 km),50,5,Z,20.0,13.5,17.1,436,159,7,6,2025 BMW XM Label Sport utility vehicle: Standard 4.4L + 145 kW 8 Cyl Automatic 8-Gear
3487,2025,Chrysler,Pacifica Hybrid Minivan 3.6L + 89 kW 6 Cyl Automatic,Minivan,89,3.6,6,AV,B/X*,2.9 ([25.8 kWh + 0.0 L]/100 km),51,2,X,8.0,7.9,8.0,784,74,9,6,2025 Chrysler Pacifica Hybrid Minivan 3.6L + 89 kW 6 Cyl Automatic
3488,2025,Dodge,Hornet R/T PHEV Sport utility vehicle: Small 1.3L + 89 kW 4 Cyl Automatic 6-Gear,Sport utility vehicle: Small,89,1.3,4,A6,B/X*,3.1 ([27.2 kWh + 0.0 L]/100 km),53,4,X,8.1,8.1,8.1,520,75,9,5,2025 Dodge Hornet R/T PHEV Sport utility vehicle: Small 1.3L + 89 kW 4 Cyl Automatic 6-Gear
3489,2025,Ferrari,296 GTB Two-seater 2.9L + 137 kW 6 Cyl Auto-Manual 8-Gear,Two-seater,137,2.9,6,AM8,B/Z*,5.0 ([45.0 kWh + 0.0 L]/100 km),13,2.5,Z,15.2,10.7,13.2,526,247,5,5,2025 Ferrari 296 GTB Two-seater 2.9L + 137 kW 6 Cyl Auto-Manual 8-Gear
3490,2025,Ferrari,296 GTS Two-seater 2.9L + 137 kW 6 Cyl Auto-Manual 8-Gear,Two-seater,137,2.9,6,AM8,B/Z*,4.9 ([44.2 kWh + 0.0 L]/100 km),13,2.5,Z,15.3,11.0,13.4,494,251,5,5,2025 Ferrari 296 GTS Two-seater 2.9L + 137 kW 6 Cyl Auto-Manual 8-Gear
3491,2025,Ferrari,SF90 Spider Two-seater 3.9L + 137 kW 8 Cyl Auto-Manual 8-Gear,Two-seater,137,3.9,8,AM8,B/Z*,5.4 ([47.6 kWh + 0.0 L]/100 km),13,2.5,Z,14.6,12.6,13.7,500,257,4,2,2025 Ferrari SF90 Spider Two-seater 3.9L + 137 kW 8 Cyl Auto-Manual 8-Gear
3492,2025,Ferrari,SF90 XX Spider Two-seater 3.9L + 147 kW 8 Cyl Auto-Manual 8-Gear,Two-seater,147,3.9,8,AM8,B/Z*,5.3 ([47.1 kWh + 0.0 L]/100 km),13,2.5,Z,15.2,12.2,13.9,497,258,4,4,2025 Ferrari SF90 XX Spider Two-seater 3.9L + 147 kW 8 Cyl Auto-Manual 8-Gear
3493,2025,Ferrari,SF90 XX Stradale Two-seater 3.9L + 147 kW 8 Cyl Auto-Manual 8-Gear,Two-seater,147,3.9,8,AM8,B/Z*,5.3 ([47.1 kWh + 0.0 L]/100 km),13,2.5,Z,15.2,12.2,13.9,497,258,4,4,2025 Ferrari SF90 XX Stradale Two-seater 3.9L + 147 kW 8 Cyl Auto-Manual 8-Gear
3494,2025,Ford,Escape Plug-in Hybrid Sport utility vehicle: Small 2.5L + 62 kW 4 Cyl Automatic,Sport utility vehicle: Small,62,2.5,4,AV,B/X*,2.3 ([20.6 kWh + 0.0 L]/100 km),60,3.4,X,5.6,6.3,5.9,771,49,10,7,2025 Ford Escape Plug-in Hybrid Sport utility vehicle: Small 2.5L + 62 kW 4 Cyl Automatic
3495,2025,Hyundai,Tucson Plug-in Hybrid Sport utility vehicle: Small 1.6L + 72 kW 4 Cyl Auto-Manual 6-Gear,Sport utility vehicle: Small,72,1.6,4,AM6,B/X*,3.1 ([27.2 kWh + 0.0 L]/100 km),51,2,X,6.7,6.8,6.7,623,64,9,6,2025 Hyundai Tucson Plug-in Hybrid Sport utility vehicle: Small 1.6L + 72 kW 4 Cyl Auto-Manual 6-Gear
3496,2025,Jeep,Grand Cherokee 4xe Sport utility vehicle: Standard 2.0L + 100 kW 4 Cyl Automatic 8-Gear,Sport utility vehicle: Standard,100,2.0,4,A8,B/X*,4.2 ([36.0 kWh + 0.0 L]/100 km),42,3.4,X,10.3,9.7,10.0,719,110,8,6,2025 Jeep Grand Cherokee 4xe Sport utility vehicle: Standard 2.0L + 100 kW 4 Cyl Automatic 8-Gear
3497,2025,Jeep,Wrangler 4xe Sport utility vehicle: Small 2.0L + 100 kW 4 Cyl Automatic 8-Gear,Sport utility vehicle: Small,100,2.0,4,A8,B/X*,4.8 ([42.2 kWh + 0.0 L]/100 km),35,2.4,X,11.6,11.9,11.7,557,143,7,6,2025 Jeep Wrangler 4xe Sport utility vehicle: Small 2.0L + 100 kW 4 Cyl Automatic 8-Gear
3498,2025,Kia,Niro Plug-in Hybrid Sport utility vehicle: Small 1.6L + 62 kW 4 Cyl Auto-Manual 6-Gear,Sport utility vehicle: Small,62,1.6,4,AM6,B/X*,2.1 ([19.1 kWh + 0.0 L]/100 km),55,2.8,X,4.6,4.9,4.8,781,42,10,6,2025 Kia Niro Plug-in Hybrid Sport utility vehicle: Small 1.6L + 62 kW 4 Cyl Auto-Manual 6-Gear
3499,2025,Kia,Sorento Plug-in Hybrid Sport utility vehicle: Small 1.6L + 67 kW 4 Cyl Auto-Manual 6-Gear,Sport utility vehicle: Small,67,1.6,4,AM6,B/X*,3.2 ([28.1 kWh + 0.0 L]/100 km),48,3.8,X,7.2,6.9,7.0,666,69,9,6,2025 Kia Sorento Plug-in Hybrid Sport utility vehicle: Small 1.6L + 67 kW 4 Cyl Auto-Manual 6-Gear
3500,2025,Kia,Sportage Plug-in Hybrid Sport utility vehicle: Small 1.6L + 67 kW 4 Cyl Auto-Manual 6-Gear,Sport utility vehicle: Small,67,1.6,4,AM6,B/X*,2.8 ([24.9 kWh + 0.0 L]/100 km),55,2,X,6.6,6.7,6.7,632,60,9,6,2025 Kia Sportage Plug-in Hybrid Sport utility vehicle: Small 1.6L + 67 kW 4 Cyl Auto-Manual 6-Gear
3501,2025,Lamborghini,Revuelto Two-seater 6.5L + 110 kW 12 Cyl Auto-Manual 8-Gear,Two-seater,110,6.5,12,AM8,B/Z,10.4 ([49.7 kWh + 6.1 L]/100 km),8,2,Z,24.5,14.2,19.9,365,472,1,2,2025 Lamborghini Revuelto Two-seater 6.5L + 110 kW 12 Cyl Auto-Manual 8-Gear
3502,2025,Lamborghini,Urus SE Sport utility vehicle: Standard 4.0L + 141 kW 8 Cyl Automatic 8-Gear,Sport utility vehicle: Standard,141,4.0,8,AS8,B/Z*,4.9 ([43.4 kWh + 0.0 L]/100 km),56,4,Z,12.5,11.2,11.9,666,103,8,2,2025 Lamborghini Urus SE Sport utility vehicle: Standard 4.0L + 141 kW 8 Cyl Automatic 8-Gear
3503,2025,Land Rover,Range Rover P550e PHEV Sport utility vehicle: Standard 3.0L + 160 kW 6 Cyl Automatic 8-Gear,Sport utility vehicle: Standard,160,3.0,6,AS8,B/Z*,4.4 ([38.9 kWh + 0.0 L]/100 km),85,4,Z,11.4,10.6,11.0,649,63,9,6,2025 Land Rover Range Rover P550e PHEV Sport utility vehicle: Standard 3.0L + 160 kW 6 Cyl Automatic 8-Gear
3504,2025,Land Rover,Range Rover Sport P460e PHEV Sport utility vehicle: Standard 3.0L + 160 kW 6 Cyl Automatic 8-Gear,Sport utility vehicle: Standard,160,3.0,6,AS8,B/Z*,4.4 ([38.9 kWh + 0.0 L]/100 km),85,4,Z,11.4,10.6,11.0,649,63,9,6,2025 Land Rover Range Rover Sport P460e PHEV Sport utility vehicle: Standard 3.0L + 160 kW 6 Cyl Automatic 8-Gear
3505,2025,Land Rover,Range Rover Sport P550e PHEV Sport utility vehicle: Standard 3.0L + 160 kW 6 Cyl Automatic 8-Gear,Sport utility vehicle: Standard,160,3.0,6,AS8,B/Z*,4.4 ([38.9 kWh + 0.0 L]/100 km),85,4,Z,11.4,10.6,11.0,649,63,9,6,2025 Land Rover Range Rover Sport P550e PHEV Sport utility vehicle: Standard 3.0L + 160 kW 6 Cyl Automatic 8-Gear
3506,2025,Lexus,NX 450h+ AWD Sport utility vehicle: Small 2.5L + 134 kW 4 Cyl Automatic 6-Gear,Sport utility vehicle: Small,134,2.5,4,AV6,B/Z*,2.8 ([24.9 kWh + 0.0 L]/100 km),60,4.5,Z,6.3,7.1,6.6,832,54,9,6,2025 Lexus NX 450h+ AWD Sport utility vehicle: Small 2.5L + 134 kW 4 Cyl Automatic 6-Gear
3507,2025,Lexus,RX 450h+ AWD Sport utility vehicle: Small 2.5L + 134 kW 4 Cyl Automatic 6-Gear,Sport utility vehicle: Small,134,2.5,4,AV6,B/Z*,2.8 ([25.0 kWh + 0.0 L]/100 km),60,2.5,Z,6.4,7.1,6.7,818,55,9,6,2025 Lexus RX 450h+ AWD Sport utility vehicle: Small 2.5L + 134 kW 4 Cyl Automatic 6-Gear
3508,2025,Lincoln,Corsair Grand Touring Sport utility vehicle: Small 2.5L + 62 kW 4 Cyl Automatic,Sport utility vehicle: Small,62,2.5,4,AV,B/X*,3.1 ([27.5 kWh + 0.0 L]/100 km),43,3.2,X,6.9,7.4,7.1,639,76,9,7,2025 Lincoln Corsair Grand Touring Sport utility vehicle: Small 2.5L + 62 kW 4 Cyl Automatic
3509,2025,Mazda,CX-70 PHEV 4WD Sport utility vehicle: Standard 2.5L + 68 kW 4 Cyl Automatic 8-Gear,Sport utility vehicle: Standard,68,2.5,4,AS8,B/Z,4.2 ([36.0 kWh + 0.2 L]/100 km),42,2.1,Z,9.9,8.7,9.4,747,105,8,6,2025 Mazda CX-70 PHEV 4WD Sport utility vehicle: Standard 2.5L + 68 kW 4 Cyl Automatic 8-Gear
3510,2025,Mazda,CX-90 PHEV 4WD Sport utility vehicle: Standard 2.5L + 68 kW 4 Cyl Automatic 8-Gear,Sport utility vehicle: Standard,68,2.5,4,AS8,B/Z,4.2 ([36.0 kWh + 0.2 L]/100 km),42,2.1,Z,9.9,8.7,9.4,747,105,8,6,2025 Mazda CX-90 PHEV 4WD Sport utility vehicle: Standard 2.5L + 68 kW 4 Cyl Automatic 8-Gear
3511,2025,Mercedes-Benz,AMG E 53 Hybrid Mid-size 3.0L + 120 kW 6 Cyl Automatic 9-Gear,Mid-size,120,3.0,6,A9,B/Z*,4.0 ([35.7 kWh + 0.0 L]/100 km),69,2.75,Z,11.2,9.0,10.2,595,73,9,6,2025 Mercedes-Benz AMG E 53 Hybrid Mid-size 3.0L + 120 kW 6 Cyl Automatic 9-Gear
3512,2025,Mercedes-Benz,AMG GT 63 S E Performance Compact 4.0L + 150 kW 8 Cyl Auto-Manual 9-Gear,Compact,150,4.0,8,AM9,B/Z,8.3 ([29.0 kWh + 4.9 L]/100 km),16,1.5,Z,14.3,12.1,13.3,536,262,4,4,2025 Mercedes-Benz AMG GT 63 S E Performance Compact 4.0L + 150 kW 8 Cyl Auto-Manual 9-Gear
3513,2025,Mercedes-Benz,AMG S 63 E Performance Mid-size 4.0L + 140 kW 8 Cyl Auto-Manual 9-Gear,Mid-size,140,4.0,8,AM9,B/Z*,4.8 ([41.7 kWh + 0.0 L]/100 km),26,3.25,Z,15.3,10.2,13.0,608,190,6,4,2025 Mercedes-Benz AMG S 63 E Performance Mid-size 4.0L + 140 kW 8 Cyl Auto-Manual 9-Gear
3514,2025,Mercedes-Benz,GLC 350e 4MATIC SUV Sport utility vehicle: Standard 2.0L + 100 kW 4 Cyl Automatic 9-Gear,Sport utility vehicle: Standard,100,2.0,4,A9,B/Z*,3.7 ([32.6 kWh + 0.0 L]/100 km),87,3,Z,10.2,8.5,9.4,521,52,9,6,2025 Mercedes-Benz GLC 350e 4MATIC SUV Sport utility vehicle: Standard 2.0L + 100 kW 4 Cyl Automatic 9-Gear
3515,2025,Mercedes-Benz,GLC 63 S E Performance SUV Station wagon: Small 2.0L + 150 kW 4 Cyl Auto-Manual 9-Gear,Station wagon: Small,150,2.0,4,AM9,B/Z,7.7 ([31.5 kWh + 4.0 L]/100 km),14,1.1,Z,12.3,11.4,11.9,542,235,5,4,2025 Mercedes-Benz GLC 63 S E Performance SUV Station wagon: Small 2.0L + 150 kW 4 Cyl Auto-Manual 9-Gear
3516,2025,Mercedes-Benz,GLC 63 S E Performance Coupe Station wagon: Small 2.0L + 150 kW 4 Cyl Auto-Manual 9-Gear,Station wagon: Small,150,2.0,4,AM9,B/Z,7.7 ([31.5 kWh + 4.0 L]/100 km),14,1.1,Z,12.3,11.4,11.9,542,235,5,4,2025 Mercedes-Benz GLC 63 S E Performance Coupe Station wagon: Small 2.0L + 150 kW 4 Cyl Auto-Manual 9-Gear
3517,2025,Mercedes-Benz,GLE 450e 4MATIC SUV Sport utility vehicle: Standard 2.0L + 100 kW 4 Cyl Automatic 9-Gear,Sport utility vehicle: Standard,100,2.0,4,A9,B/Z*,3.9 ([35.1 kWh + 0.0 L]/100 km),80,2.75,Z,11.1,9.0,10.2,645,62,9,6,2025 Mercedes-Benz GLE 450e 4MATIC SUV Sport utility vehicle: Standard 2.0L + 100 kW 4 Cyl Automatic 9-Gear
3518,2025,Mitsubishi,Outlander PHEV AWD Sport utility vehicle: Standard 2.4L + 100 kW 4 Cyl Automatic 1-Gear,Sport utility vehicle: Standard,100,2.4,4,A1,B/X*,3.6 ([32.1 kWh + 0.0 L]/100 km),61,6.5,X,9.2,8.7,9.0,626,70,9,6,2025 Mitsubishi Outlander PHEV AWD Sport utility vehicle: Standard 2.4L + 100 kW 4 Cyl Automatic 1-Gear
3519,2025,Toyota,Prius Plug-in Hybrid SE (Prime SE) Mid-size 2.0L + 120 kW 4 Cyl Automatic,Mid-size,120,2.0,4,AV,B/X*,1.8 ([16.4 kWh + 0.0 L]/100 km),72,4,X,4.4,4.6,4.5,890,31,10,6,2025 Toyota Prius Plug-in Hybrid SE (Prime SE) Mid-size 2.0L + 120 kW 4 Cyl Automatic
3520,2025,Toyota,Prius Plug-in Hybrid XSE (Prime XSE) Mid-size 2.0L + 120 kW 4 Cyl Automatic,Mid-size,120,2.0,4,AV,B/X*,2.1 ([18.3 kWh + 0.0 L]/100 km),64,4,X,4.7,5.0,4.9,826,37,10,6,2025 Toyota Prius Plug-in Hybrid XSE (Prime XSE) Mid-size 2.0L + 120 kW 4 Cyl Automatic
3521,2025,Toyota,RAV4 Plug-in Hybrid (Prime) Sport utility vehicle: Small 2.5L + 134 kW 4 Cyl Automatic,Sport utility vehicle: Small,134,2.5,4,AV,B/X*,2.5 ([22.3 kWh + 0.0 L]/100 km),68,4.5,X,5.7,6.4,6.0,911,44,10,6,2025 Toyota RAV4 Plug-in Hybrid (Prime) Sport utility vehicle: Small 2.5L + 134 kW 4 Cyl Automatic
3522,2025,Volvo,S60 T8 AWD Compact 2.0L + 107 kW 4 Cyl Automatic 8-Gear,Compact,107,2.0,4,AS8,B/Z*,3.0 ([27.2 kWh + 0.0 L]/100 km),64,5,Z,8.0,7.2,7.6,792,58,9,6,2025 Volvo S60 T8 AWD Compact 2.0L + 107 kW 4 Cyl Automatic 8-Gear
3523,2025,Volvo,S90 T8 AWD Mid-size 2.0L + 107 kW 4 Cyl Automatic 8-Gear,Mid-size,107,2.0,4,AS8,B/Z*,3.4 ([30.0 kWh + 0.0 L]/100 km),61,5,Z,8.5,7.6,8.1,748,65,9,6,2025 Volvo S90 T8 AWD Mid-size 2.0L + 107 kW 4 Cyl Automatic 8-Gear
3524,2025,Volvo,V60 T8 AWD Station wagon: Small 2.0L + 107 kW 4 Cyl Automatic 8-Gear,Station wagon: Small,107,2.0,4,AS8,B/Z*,3.0 ([27.2 kWh + 0.0 L]/100 km),64,5,Z,8.0,7.2,7.6,792,58,9,6,2025 Volvo V60 T8 AWD Station wagon: Small 2.0L + 107 kW 4 Cyl Automatic 8-Gear
3525,2025,Volvo,XC60 T8 AWD Sport utility vehicle: Small 2.0L + 107 kW 4 Cyl Automatic 8-Gear,Sport utility vehicle: Small,107,2.0,4,AS8,B/Z*,3.5 ([31.2 kWh + 0.0 L]/100 km),58,5,Z,8.5,8.5,8.5,838,72,9,6,2025 Volvo XC60 T8 AWD Sport utility vehicle: Small 2.0L + 107 kW 4 Cyl Automatic 8-Gear
3526,2025,Volvo,XC90 T8 AWD Sport utility vehicle: Standard 2.0L + 107 kW 4 Cyl Automatic 8-Gear,Sport utility vehicle: Standard,107,2.0,4,AS8,B/Z*,3.8 ([34.4 kWh + 0.0 L]/100 km),53,5,Z,9.1,8.6,8.9,803,82,9,6,2025 Volvo XC90 T8 AWD Sport utility vehicle: Standard 2.0L + 107 kW 4 Cyl Automatic 8-Gear
